CREATE DATABASE  IF NOT EXISTS `auth_db` /*!40100 DEFAULT CHARACTER SET utf8mb4 COLLATE utf8mb4_0900_ai_ci */ /*!80016 DEFAULT ENCRYPTION='N' */;
USE `auth_db`;
-- MySQL dump 10.13  Distrib 8.0.43, for Win64 (x86_64)
--
-- Host: localhost    Database: auth_db
-- ------------------------------------------------------
-- Server version	8.0.43

/*!40101 SET @OLD_CHARACTER_SET_CLIENT=@@CHARACTER_SET_CLIENT */;
/*!40101 SET @OLD_CHARACTER_SET_RESULTS=@@CHARACTER_SET_RESULTS */;
/*!40101 SET @OLD_COLLATION_CONNECTION=@@COLLATION_CONNECTION */;
/*!50503 SET NAMES utf8 */;
/*!40103 SET @OLD_TIME_ZONE=@@TIME_ZONE */;
/*!40103 SET TIME_ZONE='+00:00' */;
/*!40014 SET @OLD_UNIQUE_CHECKS=@@UNIQUE_CHECKS, UNIQUE_CHECKS=0 */;
/*!40014 SET @OLD_FOREIGN_KEY_CHECKS=@@FOREIGN_KEY_CHECKS, FOREIGN_KEY_CHECKS=0 */;
/*!40101 SET @OLD_SQL_MODE=@@SQL_MODE, SQL_MODE='NO_AUTO_VALUE_ON_ZERO' */;
/*!40111 SET @OLD_SQL_NOTES=@@SQL_NOTES, SQL_NOTES=0 */;

--
-- Table structure for table `oauth_identities`
--

DROP TABLE IF EXISTS `oauth_identities`;
/*!40101 SET @saved_cs_client     = @@character_set_client */;
/*!50503 SET character_set_client = utf8mb4 */;
CREATE TABLE `oauth_identities` (
  `id` varchar(36) NOT NULL,
  `user_id` varchar(36) NOT NULL,
  `provider` varchar(50) NOT NULL,
  `provider_user_id` varchar(255) NOT NULL,
  `created_at` datetime NOT NULL DEFAULT CURRENT_TIMESTAMP,
  PRIMARY KEY (`id`),
  UNIQUE KEY `uq_provider_user` (`provider`,`provider_user_id`),
  KEY `idx_user_id` (`user_id`),
  CONSTRAINT `fk_user_oauth` FOREIGN KEY (`user_id`) REFERENCES `users` (`id`) ON DELETE CASCADE
) ENGINE=InnoDB DEFAULT CHARSET=utf8mb4 COLLATE=utf8mb4_0900_ai_ci;
/*!40101 SET character_set_client = @saved_cs_client */;

--
-- Dumping data for table `oauth_identities`
--

LOCK TABLES `oauth_identities` WRITE;
/*!40000 ALTER TABLE `oauth_identities` DISABLE KEYS */;
INSERT INTO `oauth_identities` VALUES ('87ec1697-fad8-4378-ad08-66dc26e35be9','d9936fc7-262d-47ee-8f18-12cbeab24922','google','102413028087116284159','2025-10-21 16:49:01');
/*!40000 ALTER TABLE `oauth_identities` ENABLE KEYS */;
UNLOCK TABLES;

--
-- Table structure for table `refresh_tokens`
--

DROP TABLE IF EXISTS `refresh_tokens`;
/*!40101 SET @saved_cs_client     = @@character_set_client */;
/*!50503 SET character_set_client = utf8mb4 */;
CREATE TABLE `refresh_tokens` (
  `id` varchar(36) NOT NULL,
  `user_id` varchar(36) NOT NULL,
  `jti` varchar(255) NOT NULL,
  `is_revoked` tinyint(1) NOT NULL DEFAULT '0',
  `expires_at` datetime NOT NULL,
  `created_at` datetime NOT NULL DEFAULT CURRENT_TIMESTAMP,
  PRIMARY KEY (`id`),
  UNIQUE KEY `jti` (`jti`),
  KEY `idx_refresh_user_id` (`user_id`),
  CONSTRAINT `refresh_tokens_ibfk_1` FOREIGN KEY (`user_id`) REFERENCES `users` (`id`) ON DELETE CASCADE
) ENGINE=InnoDB DEFAULT CHARSET=utf8mb4 COLLATE=utf8mb4_0900_ai_ci;
/*!40101 SET character_set_client = @saved_cs_client */;

--
-- Dumping data for table `refresh_tokens`
--

LOCK TABLES `refresh_tokens` WRITE;
/*!40000 ALTER TABLE `refresh_tokens` DISABLE KEYS */;
INSERT INTO `refresh_tokens` VALUES ('00033f90-c9e2-440f-a22e-71a5215d92e9','a7745943-d7d4-4048-bcea-ad3a7c501e01','9236b130-6ec1-4e75-be08-aa2cfccbbdc6',0,'2025-11-20 01:31:27','2025-11-13 01:31:27'),('0124d8b7-2782-4431-89a0-2bfcd4ab2c46','a7745943-d7d4-4048-bcea-ad3a7c501e01','e8666160-7c01-4903-8418-1339d0df9e4f',0,'2025-11-20 01:30:22','2025-11-13 01:30:22'),('022b151d-eadd-49cd-ace3-36c40bba5ebf','a7745943-d7d4-4048-bcea-ad3a7c501e01','cc436aac-533f-46c7-8e93-9ab66fc1af73',0,'2025-11-20 01:31:26','2025-11-13 01:31:26'),('024311f0-e738-4ead-99d3-75939df986f8','a7745943-d7d4-4048-bcea-ad3a7c501e01','be8ff889-a4b7-46a5-af11-818f185faab0',0,'2025-11-20 01:09:59','2025-11-13 01:09:59'),('02f53345-48f1-4916-a1f5-bec84f5c51ae','a7745943-d7d4-4048-bcea-ad3a7c501e01','441cd87d-c7e2-4d2e-a518-bed3d49421bc',0,'2025-11-20 01:31:25','2025-11-13 01:31:25'),('0313eede-4421-40d6-93eb-5c57aa85275e','a7745943-d7d4-4048-bcea-ad3a7c501e01','5031271a-8e6f-40c5-b987-03401dbf257c',0,'2025-11-20 01:31:23','2025-11-13 01:31:23'),('03c0da7a-687e-4f33-a1a7-b26b31d0c614','a7745943-d7d4-4048-bcea-ad3a7c501e01','d57c80b0-3203-43b3-9e49-21e70853d57e',0,'2025-11-20 01:30:20','2025-11-13 01:30:20'),('044c67cd-e7e8-4ece-b178-5f1942f433a3','a7745943-d7d4-4048-bcea-ad3a7c501e01','d71cb596-bcee-455c-bfd1-a77b13786abf',0,'2025-11-20 01:10:04','2025-11-13 01:10:04'),('04838ff6-e44a-4eba-b709-b99dfb96cc8c','a7745943-d7d4-4048-bcea-ad3a7c501e01','bbc95708-934f-48d4-b547-041df4b4c21f',0,'2025-11-20 01:31:20','2025-11-13 01:31:20'),('05206996-7855-4476-9638-1d76679544d3','a7745943-d7d4-4048-bcea-ad3a7c501e01','1957b370-23ff-4c54-a52e-79e870ef3eca',0,'2025-11-20 01:31:22','2025-11-13 01:31:22'),('061dd0fc-0bce-4767-bb33-1f3491a153c4','a7745943-d7d4-4048-bcea-ad3a7c501e01','c191c73b-28a4-4738-9a89-41e71c1b14f6',0,'2025-11-20 01:09:58','2025-11-13 01:09:58'),('068dceb3-5769-461b-b146-fce6802b273f','a7745943-d7d4-4048-bcea-ad3a7c501e01','c29b9e25-bae8-41cd-a430-6c44d31bb370',0,'2025-11-20 01:30:19','2025-11-13 01:30:19'),('08702fb2-ae40-4215-9ef4-98b1df8a35b2','a7745943-d7d4-4048-bcea-ad3a7c501e01','42fd7d70-b078-4d7c-b396-4d24315112d0',0,'2025-11-20 01:30:19','2025-11-13 01:30:19'),('08a60beb-b8ce-4a0e-8d6e-71e95ef9237d','a7745943-d7d4-4048-bcea-ad3a7c501e01','fd9f9e3e-5077-4f47-9366-62d91fcbc21a',0,'2025-11-20 01:10:02','2025-11-13 01:10:02'),('08ae7a8b-e710-478c-b521-06e72673590c','a7745943-d7d4-4048-bcea-ad3a7c501e01','038aec93-f0dd-45f7-b8de-2e6d3b4fc214',0,'2025-11-20 01:31:28','2025-11-13 01:31:28'),('0917ef6d-bae1-44a5-b242-e354a4f6a27f','a7745943-d7d4-4048-bcea-ad3a7c501e01','bfe19bc0-6ae7-4370-b810-5259d5dc30e3',0,'2025-11-20 01:31:28','2025-11-13 01:31:28'),('0973b2ee-35a1-44ae-99ee-5cf01fa4d9cb','a7745943-d7d4-4048-bcea-ad3a7c501e01','8d1f722e-729f-46c5-9c50-3d43ccdd46e8',0,'2025-11-20 01:10:00','2025-11-13 01:10:00'),('09e62901-d52c-4887-bd4c-34e4a57c3111','a7745943-d7d4-4048-bcea-ad3a7c501e01','b8c20a77-b373-4870-acab-31886e95f00d',0,'2025-11-20 01:30:23','2025-11-13 01:30:23'),('0a6067b6-c701-4e5f-b38f-9a183c1b3a0c','a7745943-d7d4-4048-bcea-ad3a7c501e01','da2320c6-2130-4f17-9c57-89c7c0daaa5e',0,'2025-11-20 01:31:25','2025-11-13 01:31:25'),('0a9c275c-ed0f-4190-b193-43cd28ca0b99','a7745943-d7d4-4048-bcea-ad3a7c501e01','287863d9-c28f-4430-a0ec-2374bca0d497',0,'2025-11-20 01:31:24','2025-11-13 01:31:24'),('0b7d2998-62b2-41cb-a6fc-053552964d1e','a7745943-d7d4-4048-bcea-ad3a7c501e01','0b3dd538-b73a-46fd-a90e-1f34f89c81d9',0,'2025-11-20 01:09:58','2025-11-13 01:09:58'),('0c874d7d-6c40-4aaa-8128-abe8406a2883','a7745943-d7d4-4048-bcea-ad3a7c501e01','b601c6ab-1e75-4bd0-b48f-57345db5cdc3',0,'2025-11-20 01:30:23','2025-11-13 01:30:23'),('0cc2e841-5818-4895-a239-b9ea96b39359','a7745943-d7d4-4048-bcea-ad3a7c501e01','089c1789-1113-4700-99c5-a7fbc7765508',0,'2025-11-20 01:30:21','2025-11-13 01:30:21'),('0d6ad8f6-48a0-4ca3-bb67-4d5b83412f5c','a7745943-d7d4-4048-bcea-ad3a7c501e01','7953ed7d-e39a-4100-a06f-2bced1518b07',0,'2025-11-20 01:31:20','2025-11-13 01:31:20'),('0d768455-cff1-4b2b-a96e-12bb041b993b','a7745943-d7d4-4048-bcea-ad3a7c501e01','5cab23c7-9580-41a6-b682-708c6f713381',0,'2025-11-20 01:09:59','2025-11-13 01:09:59'),('0f8c0950-07b6-4a36-acb3-fa76ac4f9fd5','a7745943-d7d4-4048-bcea-ad3a7c501e01','e886f87c-b1e8-4f35-a2ec-083e16dd4777',0,'2025-11-20 01:10:05','2025-11-13 01:10:05'),('0fade4fd-4391-4e19-a43f-991e1a59c59a','a7745943-d7d4-4048-bcea-ad3a7c501e01','a6a2e149-7b90-4926-9c83-07f8bf7db0f5',0,'2025-11-20 01:30:22','2025-11-13 01:30:22'),('1068457c-06c5-402c-bfe2-cd8ce3690acd','a7745943-d7d4-4048-bcea-ad3a7c501e01','f1e0a778-adc2-4838-ad83-3677c891c08f',0,'2025-11-20 01:31:21','2025-11-13 01:31:21'),('1116aa2d-7435-4845-a337-5ff8d30692ce','a7745943-d7d4-4048-bcea-ad3a7c501e01','ebd4e6d5-73ba-452a-b2e1-998855311ae2',0,'2025-11-19 17:27:14','2025-11-12 17:27:14'),('11b8143c-d3ec-44b7-935f-83477a033c53','a7745943-d7d4-4048-bcea-ad3a7c501e01','cb7b13cb-2b95-4c70-9bae-232fde42093f',0,'2025-11-20 01:31:23','2025-11-13 01:31:23'),('12564ea9-bf51-41b3-9e41-1e324b232fe1','a7745943-d7d4-4048-bcea-ad3a7c501e01','82853f1a-6f0c-4602-9484-eb6fd629b6f3',0,'2025-11-20 01:09:56','2025-11-13 01:09:56'),('1265f786-8625-4d3d-a813-a8e872847e95','a7745943-d7d4-4048-bcea-ad3a7c501e01','ef52d0ab-6bd1-488e-8175-d1bad6e4494a',0,'2025-11-20 01:30:19','2025-11-13 01:30:19'),('128b60ab-886c-4ef7-9bb7-8ba5a41fbe99','a7745943-d7d4-4048-bcea-ad3a7c501e01','31474f94-96f6-40cd-82de-bd77b9b868a1',0,'2025-11-19 17:49:15','2025-11-12 17:49:15'),('141619a1-6e6d-41f5-b0f3-1b5368a3bef4','a7745943-d7d4-4048-bcea-ad3a7c501e01','a0fd68c9-c8c6-4692-9261-be22f17ea14f',0,'2025-11-20 01:30:18','2025-11-13 01:30:18'),('14283d0b-fbfd-4169-a817-2a168722b9f3','a7745943-d7d4-4048-bcea-ad3a7c501e01','a44357c1-dbc4-48dd-bf03-a529aa4b68cf',0,'2025-11-20 01:10:03','2025-11-13 01:10:03'),('15f2eeb7-1b67-4e29-b051-f7a894a37c44','a7745943-d7d4-4048-bcea-ad3a7c501e0e','e181f56b-cc16-45cb-ba83-cffa95ccd7e7',0,'2025-11-04 14:09:48','2025-10-28 14:09:48'),('18890551-9e9a-4e2d-aaa0-7de35d93ae7b','d9936fc7-262d-47ee-8f18-12cbeab24922','6cd61a70-dfb2-4093-8783-58d2b31709b8',0,'2025-10-28 16:49:01','2025-10-21 16:49:01'),('18c0098d-b1b2-4097-9296-a2f4492e0d7f','a7745943-d7d4-4048-bcea-ad3a7c501e01','0d8e6fdf-e068-4c6b-ab3a-8566ec0bf059',0,'2025-11-20 01:10:03','2025-11-13 01:10:03'),('197e42b1-ace3-4f8a-bff7-73646c41eacb','a7745943-d7d4-4048-bcea-ad3a7c501e01','ab8b9094-5fd9-4b61-88bf-778a43697c21',0,'2025-11-20 01:31:22','2025-11-13 01:31:22'),('19b50670-00f2-42e2-a8fe-fc8cc6f85cae','a7745943-d7d4-4048-bcea-ad3a7c501e01','4bd73789-a7a8-483f-93f9-aa49e6a0208c',0,'2025-11-20 01:31:22','2025-11-13 01:31:22'),('1afbf796-edc8-4e2f-b3c4-801c49a2eecf','a7745943-d7d4-4048-bcea-ad3a7c501e01','9017226e-404a-4437-a4e5-1f65d8a60e4f',0,'2025-11-20 01:30:22','2025-11-13 01:30:22'),('1d1d0f65-14a4-4b81-a6d9-5fdee1b0017a','a7745943-d7d4-4048-bcea-ad3a7c501e01','446a9078-ba4d-4e40-848d-cda229ff358d',0,'2025-11-20 01:09:58','2025-11-13 01:09:58'),('1d1e5c75-2ad4-42b7-9b71-01f6c64594fe','a7745943-d7d4-4048-bcea-ad3a7c501e0e','05b91769-3f24-4f49-a722-23a881eaaaab',0,'2025-10-30 07:52:37','2025-10-23 07:52:37'),('1d85e551-4e23-4944-9c4d-a800e4a324d1','a7745943-d7d4-4048-bcea-ad3a7c501e01','9e86b07f-0834-4f85-ab72-bd6a1033e650',0,'2025-11-20 01:10:00','2025-11-13 01:10:00'),('1db89d9a-062b-4b55-8c16-d5514360502e','a7745943-d7d4-4048-bcea-ad3a7c501e01','a494ad29-2f49-4767-a460-823cdc46d8a0',0,'2025-11-20 01:10:02','2025-11-13 01:10:02'),('1dfafff2-b458-4d26-becd-53ac99bc97c0','a7745943-d7d4-4048-bcea-ad3a7c501e01','cb3e36fc-2355-4414-ab4b-20cb28c66891',0,'2025-11-20 01:30:16','2025-11-13 01:30:16'),('1e59dace-f583-477e-b600-2fc4a3302c01','a7745943-d7d4-4048-bcea-ad3a7c501e01','8f9aeaac-7f50-46c6-a553-d82ef99a7cd2',0,'2025-11-20 01:31:23','2025-11-13 01:31:23'),('1e957083-5067-4d36-b019-19aa905d7846','a7745943-d7d4-4048-bcea-ad3a7c501e01','e06ee273-ba66-4d95-adec-b102d9e44d54',0,'2025-11-20 01:31:25','2025-11-13 01:31:25'),('1ed56566-c13f-4fd3-b147-344cbbbf1a8b','a7745943-d7d4-4048-bcea-ad3a7c501e01','e463dd36-2361-4b8b-9afc-f874d92c49b5',0,'2025-11-20 01:09:56','2025-11-13 01:09:56'),('1fb04f43-e877-4431-8a3f-91170dccb4ff','a7745943-d7d4-4048-bcea-ad3a7c501e01','e105d54c-f93e-4fb1-9953-4f8d631e1b58',0,'2025-11-19 17:36:18','2025-11-12 17:36:18'),('203236ae-bbd8-436d-9963-46419c96a1eb','a7745943-d7d4-4048-bcea-ad3a7c501e01','4a3c7bae-4d7e-45cb-aeeb-bf3663ab859c',0,'2025-11-20 01:09:58','2025-11-13 01:09:58'),('20be6199-f937-41f6-90e5-c3e8a3f13517','a7745943-d7d4-4048-bcea-ad3a7c501e01','6d562e6d-44d2-4864-87d0-7f7f4e26efae',0,'2025-11-20 01:31:20','2025-11-13 01:31:20'),('23526395-fbba-4884-acd7-99ac445d0b6c','a7745943-d7d4-4048-bcea-ad3a7c501e01','41dd8176-426f-4c11-b56a-51eec75a84a7',0,'2025-11-20 01:31:22','2025-11-13 01:31:22'),('23878ebc-907f-41ff-874f-03dc0bf8f4bc','a7745943-d7d4-4048-bcea-ad3a7c501e01','d6a50016-2a54-4481-856a-c6c1113b1fdd',0,'2025-11-20 01:30:19','2025-11-13 01:30:19'),('24113566-105b-4d78-b49c-77aea033d6d4','a7745943-d7d4-4048-bcea-ad3a7c501e01','e3210198-eaaa-4d00-9b2a-c4d9fdba7683',0,'2025-11-20 01:31:29','2025-11-13 01:31:29'),('249b291b-3557-4c09-a052-302753c10d9b','a7745943-d7d4-4048-bcea-ad3a7c501e01','1939a839-9bbb-465b-99f4-dbbcc5856e76',0,'2025-11-20 01:31:23','2025-11-13 01:31:23'),('256395ed-81a1-459b-b13e-f529b3305a1a','a7745943-d7d4-4048-bcea-ad3a7c501e01','a5ab10de-0ad2-4e4f-8422-2c8a73cd201e',0,'2025-11-20 01:09:56','2025-11-13 01:09:56'),('26b86673-ae08-472e-90ba-224318917869','a7745943-d7d4-4048-bcea-ad3a7c501e01','32e0a0c2-910e-448b-a85a-e4f05921aa23',0,'2025-11-19 17:34:59','2025-11-12 17:34:59'),('28d0cfc1-203f-41d9-97de-015e2af3f896','a7745943-d7d4-4048-bcea-ad3a7c501e01','b6299c30-03bf-417a-9b0e-1d39ffd32970',0,'2025-11-20 01:31:28','2025-11-13 01:31:28'),('2965761c-a4b4-478d-a356-d26c9fdced03','a7745943-d7d4-4048-bcea-ad3a7c501e01','31fd28fe-7d40-4ff0-b42f-e89a081e01ca',0,'2025-11-20 01:10:00','2025-11-13 01:10:00'),('29fc59dd-624c-4021-ad8e-05feb7115d4a','a7745943-d7d4-4048-bcea-ad3a7c501e0e','6cdb5b15-6a86-4b22-a1b6-2e41e080afaa',0,'2025-11-04 13:40:47','2025-10-28 13:40:47'),('2a146e7a-7556-4321-a36c-8bcd1b3249ec','a7745943-d7d4-4048-bcea-ad3a7c501e01','f6cf5621-cbca-4811-a6f0-ef126af393e5',0,'2025-11-20 01:10:03','2025-11-13 01:10:03'),('2a383111-b58c-46f8-a824-e0cba9b9df1a','a7745943-d7d4-4048-bcea-ad3a7c501e01','7a81e388-d57a-4803-ba21-5ddc9ffbee60',0,'2025-11-20 01:31:26','2025-11-13 01:31:26'),('2a753d5b-1501-42a7-b87d-df5720faef73','a7745943-d7d4-4048-bcea-ad3a7c501e01','6e454457-5fea-47e4-aebb-2bae85d14162',0,'2025-11-20 01:30:19','2025-11-13 01:30:19'),('2af89c1b-35e5-4209-ac2d-68e25446a57a','a7745943-d7d4-4048-bcea-ad3a7c501e01','a69e8518-7d29-4c65-89af-3647d797b0de',0,'2025-11-20 01:30:19','2025-11-13 01:30:19'),('2c40f9a0-49b5-4c67-a961-ead3736ad6a7','a7745943-d7d4-4048-bcea-ad3a7c501e01','1b110c31-2eb7-4221-8d67-87509acfbde6',0,'2025-11-20 01:30:16','2025-11-13 01:30:16'),('2c4a7508-827a-4e9e-a21b-5d2d20c0569c','a7745943-d7d4-4048-bcea-ad3a7c501e0e','e9b993e0-e695-4c34-92fd-83f076658969',0,'2025-11-04 14:29:39','2025-10-28 14:29:39'),('2d137f01-4698-47d2-a4c1-c477d39ce4bc','a7745943-d7d4-4048-bcea-ad3a7c501e0e','e8599307-8c2b-49e4-9f96-0ccec6c67287',0,'2025-11-04 13:31:06','2025-10-28 13:31:06'),('2d51102e-bbbe-4527-ac14-6321979defe0','a7745943-d7d4-4048-bcea-ad3a7c501e01','d267576c-7482-43fc-8b42-8a1d42ff3f70',0,'2025-11-20 01:31:26','2025-11-13 01:31:26'),('2dcd2b3b-686a-4235-b8b9-530f076815be','a7745943-d7d4-4048-bcea-ad3a7c501e01','6238a40a-e00e-4542-8fa7-96246010721e',0,'2025-11-20 01:30:18','2025-11-13 01:30:18'),('2e20193e-b03c-4a00-a539-d475c5e37981','a7745943-d7d4-4048-bcea-ad3a7c501e01','2f4a0acf-4d06-4256-b804-0b98b81753c6',0,'2025-11-20 01:30:19','2025-11-13 01:30:19'),('2e6def3e-c1e4-4f31-ac67-51c1ed8ae1e0','a7745943-d7d4-4048-bcea-ad3a7c501e01','0c891e59-60d1-4ec8-bded-b0b922dff5b2',0,'2025-11-20 01:09:57','2025-11-13 01:09:57'),('2fff588f-33f6-4964-b7e5-51d79569b7dc','a7745943-d7d4-4048-bcea-ad3a7c501e0e','f262aaf4-6548-4ec2-bb3c-44585ace535e',0,'2025-10-28 17:21:03','2025-10-21 17:21:03'),('302f54db-70f9-4817-a404-8793d67248bd','a7745943-d7d4-4048-bcea-ad3a7c501e01','d045bbbd-bcaa-40b5-8c72-85ac1d9a353c',0,'2025-11-20 01:09:59','2025-11-13 01:09:59'),('339c90d8-e96e-4c0d-90f2-15c659468221','d9936fc7-262d-47ee-8f18-12cbeab24922','12befc5c-8267-475f-8643-cad696b57f88',0,'2025-10-28 16:59:54','2025-10-21 16:59:54'),('33f60451-2e50-42dc-81d1-67a86649e7f6','a7745943-d7d4-4048-bcea-ad3a7c501e01','1bef448e-6c61-4a84-8a4a-84556d90d0fd',0,'2025-11-20 01:31:27','2025-11-13 01:31:27'),('34004893-dbe9-4534-80ef-d731f7c20f21','a7745943-d7d4-4048-bcea-ad3a7c501e01','fc572c03-ce8c-421f-b37a-808537785f2e',0,'2025-11-20 01:30:21','2025-11-13 01:30:21'),('35086f47-aed9-4da0-85c1-07e79772a0d1','a7745943-d7d4-4048-bcea-ad3a7c501e01','770d9919-5547-4c5c-b6b6-e47db4f5f8fb',0,'2025-11-20 01:30:17','2025-11-13 01:30:17'),('3573c39b-3eb3-444d-96d4-ecb4e9cb6a75','a7745943-d7d4-4048-bcea-ad3a7c501e01','4cf33bfe-4b1c-4cb5-b150-29f52a589a75',0,'2025-11-20 01:30:23','2025-11-13 01:30:23'),('35a3f6d6-5eb7-4256-82c8-c8532d5ba717','a7745943-d7d4-4048-bcea-ad3a7c501e01','daf79f2c-7fbd-473c-84f2-35144cfe36e6',0,'2025-11-20 01:31:25','2025-11-13 01:31:25'),('36542543-6260-4c04-a755-b8a125dc42c3','a7745943-d7d4-4048-bcea-ad3a7c501e01','143d6984-d711-4749-a506-7f647025b060',0,'2025-11-20 01:09:59','2025-11-13 01:09:59'),('36731108-025d-4e85-9956-773d6f9704b3','d9936fc7-262d-47ee-8f18-12cbeab24922','52fc7cd9-e07b-4359-af58-b95ff53df298',0,'2025-10-28 17:28:09','2025-10-21 17:28:09'),('368c9e09-503a-42d5-aa38-62aa0c6a51dd','a7745943-d7d4-4048-bcea-ad3a7c501e01','10a31dfd-01d1-4259-8d4d-dbd2517ca9c5',0,'2025-11-20 01:10:03','2025-11-13 01:10:03'),('36e0ba03-db0e-443c-bd29-16b0ba107790','a7745943-d7d4-4048-bcea-ad3a7c501e01','440c531f-3dc0-4f44-a3e4-bd7ded7de0a4',0,'2025-11-19 17:55:02','2025-11-12 17:55:02'),('37d5d999-b0a7-47fb-8a1c-38e36298ebf6','a7745943-d7d4-4048-bcea-ad3a7c501e01','2fbfb8fc-d71b-40dd-9a48-2a6a96fc28a6',0,'2025-11-20 01:10:05','2025-11-13 01:10:05'),('381ee750-984a-447a-bb5e-5c967d0228d0','d9936fc7-262d-47ee-8f18-12cbeab24922','21fc2dab-5944-4724-bdf2-01323c9ca9c4',0,'2025-10-28 17:30:08','2025-10-21 17:30:08'),('39deefef-670a-45d7-a240-484a7d7d3ac4','d9936fc7-262d-47ee-8f18-12cbeab24922','fafd8e86-284b-45cd-99e3-3ac6d9f3f387',0,'2025-10-29 04:07:12','2025-10-22 04:07:12'),('3a5c9616-b1bc-4571-a83b-89a7457a61c2','a7745943-d7d4-4048-bcea-ad3a7c501e01','0a712b9a-755f-4db8-9dc3-49ff47f89520',0,'2025-11-20 01:10:04','2025-11-13 01:10:04'),('3ae97588-e829-4ff2-829b-e58866b4ee57','a7745943-d7d4-4048-bcea-ad3a7c501e01','5bf1161f-a29e-4e71-b685-5a29367e7b4d',0,'2025-11-19 17:31:12','2025-11-12 17:31:12'),('3af69136-26bc-4916-8b85-07868cb15758','a7745943-d7d4-4048-bcea-ad3a7c501e01','0ec7aa1d-2ef4-408f-a5ac-75577258a586',0,'2025-11-20 01:10:04','2025-11-13 01:10:04'),('3af8b8ab-7839-49a4-87b2-aafb2f11cc87','a7745943-d7d4-4048-bcea-ad3a7c501e01','a2d4e512-fd80-4f68-b884-a5fe1f216a3d',0,'2025-11-19 17:38:59','2025-11-12 17:38:59'),('3ba153b4-b583-4c8c-a2d1-138b7d3166d9','a7745943-d7d4-4048-bcea-ad3a7c501e01','425928f3-725d-4977-93fd-5b8c5c30a981',0,'2025-11-20 01:31:27','2025-11-13 01:31:27'),('3e4dbf66-0c1e-41e9-8539-02e651362f73','a7745943-d7d4-4048-bcea-ad3a7c501e01','20fca203-ea1c-428b-ac02-a8db73836141',0,'2025-11-20 01:30:23','2025-11-13 01:30:23'),('415bc565-6e20-45b1-a909-6a0e6feef820','a7745943-d7d4-4048-bcea-ad3a7c501e01','c3df2b8e-ee75-40ab-b5c7-732b2c3345be',0,'2025-11-20 01:30:21','2025-11-13 01:30:21'),('41fd0451-3c7e-4587-8db7-c5ce628a2b55','a7745943-d7d4-4048-bcea-ad3a7c501e0e','c9d57173-9f28-4300-986b-5b2d38951583',0,'2025-11-04 14:31:08','2025-10-28 14:31:08'),('42ab1f6b-c68d-4e3c-b6b5-b708d7d7cf6f','a7745943-d7d4-4048-bcea-ad3a7c501e01','d30f3959-41e6-46b4-98c3-022614e2f4d1',0,'2025-11-20 01:30:20','2025-11-13 01:30:20'),('43b039e6-a649-4ea3-802d-becfa0777526','a7745943-d7d4-4048-bcea-ad3a7c501e01','7dc80c5e-870c-48a0-aa32-a8adcdc4e2d4',0,'2025-11-20 01:10:01','2025-11-13 01:10:01'),('447073aa-0bc3-4d2c-bfec-e1545c184472','a7745943-d7d4-4048-bcea-ad3a7c501e01','11bd3819-89a6-431c-a7a3-efea01a496df',0,'2025-11-20 01:30:22','2025-11-13 01:30:22'),('44b82dcd-78d5-416f-950d-8263b5ad3a50','a7745943-d7d4-4048-bcea-ad3a7c501e01','46305f66-4bd5-4a9b-978e-d955283f62e3',0,'2025-11-20 01:31:25','2025-11-13 01:31:25'),('4561d09d-fdbb-40d4-90e8-583265b719b3','a7745943-d7d4-4048-bcea-ad3a7c501e01','5d9eebb1-00af-419f-9171-227ac863e1d3',0,'2025-11-20 01:31:22','2025-11-13 01:31:22'),('4735b2be-8a26-4e3d-9200-114f30b7bea7','a7745943-d7d4-4048-bcea-ad3a7c501e01','784ffaad-fd59-47a8-80f8-142357e42cdd',0,'2025-11-20 01:31:23','2025-11-13 01:31:23'),('47b302ca-d8d6-4b1b-b355-4d0eb898bee7','a7745943-d7d4-4048-bcea-ad3a7c501e0e','fec638d7-5944-4833-9928-1faa5baae2e9',0,'2025-10-30 07:50:28','2025-10-23 07:50:28'),('482ea523-3eb3-4511-82ca-8c8bdfc7b8f3','a7745943-d7d4-4048-bcea-ad3a7c501e01','0b7a2301-aa02-45c5-925a-d6a45c5b968e',0,'2025-11-20 01:30:21','2025-11-13 01:30:21'),('4a79f655-ad3e-4674-8414-0c793eea0c32','a7745943-d7d4-4048-bcea-ad3a7c501e01','e9bac961-3a8a-4375-8c96-d9ff22248484',0,'2025-11-20 01:31:20','2025-11-13 01:31:20'),('4bb269ab-67dd-4492-965d-27ae1431be34','a7745943-d7d4-4048-bcea-ad3a7c501e01','99a2cae1-ada0-4e2b-ab09-be112b2ca0d5',0,'2025-11-20 01:30:20','2025-11-13 01:30:20'),('4bf94fce-ab89-41d7-8ee7-da5db8e679b8','a7745943-d7d4-4048-bcea-ad3a7c501e01','5871fd6b-23e2-4f71-9e68-ba556629b001',0,'2025-11-20 01:31:24','2025-11-13 01:31:24'),('4e4d7bd5-bcb4-496d-a8be-fd93435dc367','d9936fc7-262d-47ee-8f18-12cbeab24922','4632bca9-edd8-4a49-91b5-273652ad8177',0,'2025-10-28 16:55:47','2025-10-21 16:55:47'),('4e8a0fd0-5ec6-4d6a-8a75-16fa13657fa8','a7745943-d7d4-4048-bcea-ad3a7c501e01','d00744cb-2c3e-4205-a735-eae79316ea3f',0,'2025-11-20 01:31:26','2025-11-13 01:31:26'),('4ec65dac-77da-4e37-a89c-1d00a0f858e7','a7745943-d7d4-4048-bcea-ad3a7c501e01','cd736da7-eec7-4309-97cd-773fd344cf69',0,'2025-11-20 01:10:01','2025-11-13 01:10:01'),('4f195849-5e7c-491e-a1a5-b8483511a137','a7745943-d7d4-4048-bcea-ad3a7c501e01','aa4f1a4b-0efa-4ad5-a66d-8f68b33b0423',0,'2025-11-20 01:09:59','2025-11-13 01:09:59'),('4f52d110-cb86-4a30-a345-e687ec538a90','a7745943-d7d4-4048-bcea-ad3a7c501e01','4576da8b-7a00-4995-b0ef-86692169a68d',0,'2025-11-20 01:31:29','2025-11-13 01:31:29'),('4fac4798-b037-499d-8725-25da423b68d0','a7745943-d7d4-4048-bcea-ad3a7c501e01','d5c8b69b-55b6-42e8-8675-4a4080c5f42d',0,'2025-11-20 01:09:59','2025-11-13 01:09:59'),('4ff9fa6f-0318-4c43-9b78-e2f53b51d562','a7745943-d7d4-4048-bcea-ad3a7c501e01','733da4a6-7fce-4aae-ae3e-2e600ccad223',0,'2025-11-20 01:31:20','2025-11-13 01:31:20'),('50006de4-4727-4e4e-8284-115daf3f3414','a7745943-d7d4-4048-bcea-ad3a7c501e0e','941d595b-011b-472e-91f6-e6e60079f90f',0,'2025-10-28 17:28:02','2025-10-21 17:28:02'),('5021be4e-5918-45df-94c4-c0c7031b2d90','a7745943-d7d4-4048-bcea-ad3a7c501e0e','62b09dad-298a-458e-b468-7bc97fef8276',0,'2025-10-28 17:22:51','2025-10-21 17:22:51'),('50426ad1-8631-4771-8735-baae20e07bee','a7745943-d7d4-4048-bcea-ad3a7c501e01','61a29bb9-419c-445c-8988-5f4a53c1eb96',0,'2025-11-20 01:31:24','2025-11-13 01:31:24'),('510215b3-41ba-4d45-80cf-af63c7da4afd','a7745943-d7d4-4048-bcea-ad3a7c501e01','e67a04f1-5050-4a45-aee3-0f2e6d1871c5',0,'2025-11-20 01:09:56','2025-11-13 01:09:56'),('51e65bf2-4a91-492c-97cd-36464f12d5c8','a7745943-d7d4-4048-bcea-ad3a7c501e01','4b108531-30dd-4360-8dd3-25c96f4a1eea',0,'2025-11-20 01:10:02','2025-11-13 01:10:02'),('52284c83-0518-4b27-a588-ecb146614e19','a7745943-d7d4-4048-bcea-ad3a7c501e01','1240680f-69a7-41ed-89b5-2647ab22c313',0,'2025-11-20 01:31:29','2025-11-13 01:31:29'),('525b3441-b788-430d-a15c-4a22bcd6be00','d9936fc7-262d-47ee-8f18-12cbeab24922','e26d088c-94dc-4fbd-8786-85687169c1ec',0,'2025-10-28 17:14:46','2025-10-21 17:14:46'),('5268a40e-7e02-4e08-ba57-4496dffe56b7','a7745943-d7d4-4048-bcea-ad3a7c501e01','5d9401da-c0ac-4757-ae3d-d078c4e42cea',0,'2025-11-20 01:31:21','2025-11-13 01:31:21'),('53d8523a-b8c6-4ec6-a147-50444b6ac871','a7745943-d7d4-4048-bcea-ad3a7c501e01','55afaf4a-c146-4bc7-b2ee-60e97845b945',0,'2025-11-20 01:31:23','2025-11-13 01:31:23'),('54019310-b759-4284-9d28-17f824e06c1c','a7745943-d7d4-4048-bcea-ad3a7c501e01','e9c24b23-ed13-4c69-b013-96c15c00ad5d',0,'2025-11-20 01:30:19','2025-11-13 01:30:19'),('54f345a2-ea9e-4faa-9fc5-e1db89b1ba8f','a7745943-d7d4-4048-bcea-ad3a7c501e0e','809fa337-fdc1-4046-93ff-9406bd093b43',0,'2025-11-04 12:56:51','2025-10-28 12:56:51'),('56eded7c-89d8-42ae-8409-3e130e8b5d4d','a7745943-d7d4-4048-bcea-ad3a7c501e01','32a4cdde-fe35-44b0-9a59-ad6ee1b1253e',0,'2025-11-20 01:31:25','2025-11-13 01:31:25'),('57944f3f-07ad-4a6d-82ce-31eba732ae58','a7745943-d7d4-4048-bcea-ad3a7c501e01','bd475db2-e5c3-47b7-8c50-6efd4d31913e',0,'2025-11-20 01:09:56','2025-11-13 01:09:56'),('58116024-a5e5-4ff0-b3bc-cf14eea4ca78','a7745943-d7d4-4048-bcea-ad3a7c501e0e','1924a246-637b-499b-b045-e1a801ae3617',0,'2025-11-04 13:49:35','2025-10-28 13:49:35'),('583b86f1-cb8e-4f61-a607-c5ea7d18d021','a7745943-d7d4-4048-bcea-ad3a7c501e01','0aeee6ec-ab1d-4d8b-8386-d79faafb29d0',0,'2025-11-20 01:10:05','2025-11-13 01:10:05'),('58a2f9f5-6893-48a9-a839-a8bc24f08e01','a7745943-d7d4-4048-bcea-ad3a7c501e01','43ebd339-7818-4ad8-8fc2-0cd5860e0de9',0,'2025-11-20 01:09:57','2025-11-13 01:09:57'),('5937a2ca-b267-4843-b486-60379c103a19','a7745943-d7d4-4048-bcea-ad3a7c501e0e','b2203cd6-6e7b-4f1e-aeee-1aa146a6e4d4',0,'2025-11-19 18:26:55','2025-11-12 18:26:55'),('5a4543d7-49d1-4e19-a090-cb5f4e548b0a','a7745943-d7d4-4048-bcea-ad3a7c501e01','14d9098d-dd0f-4dec-a848-4d6eada88953',0,'2025-11-20 01:31:27','2025-11-13 01:31:27'),('5a9cc04e-4279-4c96-a5d6-d704df92bad7','a7745943-d7d4-4048-bcea-ad3a7c501e01','6d220d3b-2635-4158-8d22-a849122fbfc2',0,'2025-11-20 01:31:21','2025-11-13 01:31:21'),('5ba57b6a-7574-4d84-8304-de3ffb97b600','a7745943-d7d4-4048-bcea-ad3a7c501e01','8002a5ad-3e49-4b2a-8021-863ada4e1cc4',0,'2025-11-20 01:31:29','2025-11-13 01:31:29'),('5bb45fc6-2e7b-46d8-b559-b49c4cedd2d7','a7745943-d7d4-4048-bcea-ad3a7c501e01','6eaa2dfc-d160-4287-8919-e0d4c2068d6b',0,'2025-11-20 01:31:28','2025-11-13 01:31:28'),('5c9d9309-e5fb-44ad-868d-78d264820ee9','a7745943-d7d4-4048-bcea-ad3a7c501e01','06ac21ea-bb85-4325-9710-cc8e5e9ac067',0,'2025-11-20 01:10:02','2025-11-13 01:10:02'),('5d2079e2-7777-4654-8b9c-4972c41b3faa','a7745943-d7d4-4048-bcea-ad3a7c501e01','57792c7a-9008-4218-a7d7-9bc44901c69e',0,'2025-11-20 01:30:16','2025-11-13 01:30:16'),('5df39bc0-79a3-4faa-aa91-fca8464542b5','a7745943-d7d4-4048-bcea-ad3a7c501e0e','bb56b285-0d25-46d9-9a32-4cd86c42b0ee',0,'2025-10-30 07:55:01','2025-10-23 07:55:01'),('5e66cc67-7141-495d-a41f-49704dabad87','d9936fc7-262d-47ee-8f18-12cbeab24922','906e2839-5b8a-4ba5-8525-3939008faede',0,'2025-10-28 17:31:27','2025-10-21 17:31:27'),('5f7a381a-7e78-4435-be76-9c5d1f7b3033','a7745943-d7d4-4048-bcea-ad3a7c501e01','234d424e-16ad-4223-afb4-384c42612c2d',0,'2025-11-20 01:30:17','2025-11-13 01:30:17'),('60268e34-d778-497f-aaa3-77b0dc6404af','a7745943-d7d4-4048-bcea-ad3a7c501e01','1c1d22ce-f6df-4017-8fef-dae24115effd',0,'2025-11-20 01:31:21','2025-11-13 01:31:21'),('60425d32-4218-43cc-9be2-e4a962053e7d','a7745943-d7d4-4048-bcea-ad3a7c501e0e','65daa60f-9116-4c8f-a4a2-b243ede186a2',0,'2025-10-30 08:02:09','2025-10-23 08:02:09'),('6178b19d-3bf5-4186-82fa-769bc80d0bc7','a7745943-d7d4-4048-bcea-ad3a7c501e01','e857ac69-3daa-419f-a13c-0d192fe81af4',0,'2025-11-20 01:31:21','2025-11-13 01:31:21'),('63365a97-0559-4ad6-890f-d2b5d0df3b89','a7745943-d7d4-4048-bcea-ad3a7c501e01','ae926da2-4183-4c99-9b6a-937827883aea',0,'2025-11-20 01:10:03','2025-11-13 01:10:03'),('639cba2d-2282-4d1c-8e8d-3436e08da584','a7745943-d7d4-4048-bcea-ad3a7c501e01','1e118246-363f-438b-8645-06789b3c0292',0,'2025-11-20 01:31:20','2025-11-13 01:31:20'),('63faf807-448a-45e6-be71-ce24d27b8a41','d9936fc7-262d-47ee-8f18-12cbeab24922','be08b61f-85e2-4187-ac4b-4dce440f80a6',0,'2025-10-28 17:31:03','2025-10-21 17:31:03'),('649e67af-933e-46a0-a7f1-7f5307ab7835','a7745943-d7d4-4048-bcea-ad3a7c501e01','174c61ea-321b-4337-8b50-fa7b02edf97d',0,'2025-11-20 01:10:01','2025-11-13 01:10:01'),('661796f8-e9dd-4482-a24e-0b7ada385603','a7745943-d7d4-4048-bcea-ad3a7c501e01','9002971d-cbdb-483b-9a58-a55516596542',0,'2025-11-20 01:10:04','2025-11-13 01:10:04'),('66a5f0f4-a65f-4c2e-ba29-b04443c6e38a','a7745943-d7d4-4048-bcea-ad3a7c501e01','34884a25-ecef-4d9b-b2ac-27ff70577aa9',0,'2025-11-20 01:09:57','2025-11-13 01:09:57'),('66f773ee-6abe-4a8e-b771-e12f4fd94f8b','a7745943-d7d4-4048-bcea-ad3a7c501e01','e3207080-38b1-4f23-aa12-bdb94615a10b',0,'2025-11-20 01:10:03','2025-11-13 01:10:03'),('67a9af5b-af05-4a80-ae8e-bcda5cfed4e1','a7745943-d7d4-4048-bcea-ad3a7c501e01','7a2b1577-8884-4337-a9ba-c38800522a13',0,'2025-11-20 01:31:29','2025-11-13 01:31:29'),('67c79f3c-eae7-4749-87dc-3f49c4187257','a7745943-d7d4-4048-bcea-ad3a7c501e01','014f3b6e-a91e-4910-8715-d3af40c7ca0c',0,'2025-11-20 01:09:57','2025-11-13 01:09:57'),('68794ee0-8876-4e10-9ec3-6ad4ed9d841d','d9936fc7-262d-47ee-8f18-12cbeab24922','65449896-e18e-4edb-9cab-535993ef8eac',0,'2025-10-29 04:06:47','2025-10-22 04:06:47'),('68eab615-0ce1-4da1-bf40-3b8600b2b5c5','a7745943-d7d4-4048-bcea-ad3a7c501e0e','a7923ff1-122a-44d0-84e0-2c324efdc6ef',0,'2025-10-28 15:07:06','2025-10-21 15:07:06'),('692aff4f-9be5-4df3-890c-63450283c0ae','a7745943-d7d4-4048-bcea-ad3a7c501e01','f44ad2aa-9db3-4752-a4ec-98f5615739bd',0,'2025-11-20 01:10:00','2025-11-13 01:10:00'),('6d998a87-288f-46a8-b017-d1a636efd38f','a7745943-d7d4-4048-bcea-ad3a7c501e01','983da873-96ed-405d-a7a9-fdfff52c80ba',0,'2025-11-20 01:31:27','2025-11-13 01:31:27'),('6da96e68-4fea-4f97-ab51-c379311bbde6','a7745943-d7d4-4048-bcea-ad3a7c501e01','e361bc92-de74-4a01-8f6a-6624d3a9a652',0,'2025-11-20 01:30:18','2025-11-13 01:30:18'),('6deb17c7-0eb5-44fe-8659-56e37ad8a029','a7745943-d7d4-4048-bcea-ad3a7c501e01','6cd3323e-bd1f-404e-b02e-2bb7f73787eb',0,'2025-11-20 01:31:24','2025-11-13 01:31:24'),('6e29e204-6372-4e77-8f61-750afcfae120','a7745943-d7d4-4048-bcea-ad3a7c501e01','e5461eae-c7b2-495e-bf28-216a7ab25f46',0,'2025-11-20 01:10:01','2025-11-13 01:10:01'),('6e576c16-3b04-4d83-8724-5f758d171aa5','a7745943-d7d4-4048-bcea-ad3a7c501e01','2570cda7-0674-4f46-b95d-ffc8096e1b98',0,'2025-11-20 01:09:56','2025-11-13 01:09:56'),('6f117c00-4285-44a1-8537-89e47108307c','a7745943-d7d4-4048-bcea-ad3a7c501e01','0243b36e-1fe6-4b07-84e7-9796780eaf2c',0,'2025-11-20 01:30:21','2025-11-13 01:30:21'),('70017f14-d8c2-4bc2-969c-e8aa14993af8','a7745943-d7d4-4048-bcea-ad3a7c501e01','c568167e-1538-4be1-a127-b7dbf34b007c',0,'2025-11-20 01:30:17','2025-11-13 01:30:17'),('7083f8a2-6f45-473e-88a6-9853e866c936','a7745943-d7d4-4048-bcea-ad3a7c501e01','049aef1c-3493-459a-a6c5-5be4e1059e34',0,'2025-11-20 01:30:16','2025-11-13 01:30:16'),('71575f72-1130-4a6b-b3cb-5069ec1d41e4','a7745943-d7d4-4048-bcea-ad3a7c501e01','3b3c9cff-284b-44ad-a3ac-2d0cf256f21f',0,'2025-11-20 01:31:22','2025-11-13 01:31:22'),('72f5a241-7db9-4404-b2c6-1d8c6e46c225','a7745943-d7d4-4048-bcea-ad3a7c501e01','ecf9e0cf-1837-438c-9f39-316b6fac05e7',0,'2025-11-20 01:31:29','2025-11-13 01:31:29'),('732c8e29-0b1c-4e9c-a197-8daa56cdc2c9','a7745943-d7d4-4048-bcea-ad3a7c501e01','f597229e-b857-4eaa-a12b-8c763a18e184',0,'2025-11-20 01:09:58','2025-11-13 01:09:58'),('740690b6-bf63-44a6-8c7e-c6c098b68d69','a7745943-d7d4-4048-bcea-ad3a7c501e01','74df8b1e-9544-48bf-ab68-eef085c3a3e0',0,'2025-11-20 01:30:21','2025-11-13 01:30:21'),('748097d1-f729-4d32-9524-27200de932ec','a7745943-d7d4-4048-bcea-ad3a7c501e01','d310332f-156e-4d18-a864-f35928b321ac',0,'2025-11-20 01:30:18','2025-11-13 01:30:18'),('78514a6c-79f8-42a8-a34f-c92dcae5984f','a7745943-d7d4-4048-bcea-ad3a7c501e0e','fbcd0338-1823-4285-834d-11449cee02e2',0,'2025-10-28 17:21:36','2025-10-21 17:21:36'),('790f366f-7cf8-493c-a05d-401813d7f1e5','a7745943-d7d4-4048-bcea-ad3a7c501e01','2c0b48b4-2e72-49e2-bce5-e3c8c083c52e',0,'2025-11-20 01:10:03','2025-11-13 01:10:03'),('795586b8-e94c-475f-86eb-a53b45fd00f0','a7745943-d7d4-4048-bcea-ad3a7c501e01','6adb8869-98f3-4d34-bad9-a9d45bbfdcee',0,'2025-11-20 01:30:18','2025-11-13 01:30:18'),('7b20ab6a-1972-42ae-94a1-180255e99105','a7745943-d7d4-4048-bcea-ad3a7c501e01','dece21da-f8f7-4054-b1db-3efac95ab920',0,'2025-11-20 01:30:22','2025-11-13 01:30:22'),('7b6b468d-2fc8-42a5-89b5-29b9d8caeeb4','a7745943-d7d4-4048-bcea-ad3a7c501e0e','070afbd7-edfa-43dc-94d5-395be0fbe46e',0,'2025-10-28 15:27:35','2025-10-21 15:27:35'),('7bffb272-2e50-4952-9125-f96ec4c15c16','a7745943-d7d4-4048-bcea-ad3a7c501e01','27a4a224-fce5-483f-9993-67bd6b088c84',0,'2025-11-20 01:10:02','2025-11-13 01:10:02'),('7c70f83f-019b-4654-bbb3-b294e210231a','a7745943-d7d4-4048-bcea-ad3a7c501e0e','37a0ff15-7fdd-43b2-b791-d6cd84d97254',0,'2025-11-04 14:35:38','2025-10-28 14:35:38'),('7cf7f59e-9368-4919-abfa-2327a1eee40c','a7745943-d7d4-4048-bcea-ad3a7c501e01','2ac48582-4792-44d9-a4e9-d1fb424cb0af',0,'2025-11-20 01:31:24','2025-11-13 01:31:24'),('7d0cd719-61e8-4a17-af84-b8a14bf12ec0','a7745943-d7d4-4048-bcea-ad3a7c501e01','a80c76b9-e1d5-4c8d-a25d-032940d3de9d',0,'2025-11-20 01:31:21','2025-11-13 01:31:21'),('7d4f6bc6-0597-4058-8c18-69cc9af8b584','a7745943-d7d4-4048-bcea-ad3a7c501e01','378f2e00-0177-45f5-865d-a235781ad3c2',0,'2025-11-20 01:09:58','2025-11-13 01:09:58'),('7d6ba2b5-c8cc-47d7-a369-f9f41a6132b1','a7745943-d7d4-4048-bcea-ad3a7c501e01','8c2a7a50-9aab-4546-b8bc-a5d6eb942005',0,'2025-11-19 17:30:05','2025-11-12 17:30:05'),('7d9f9f3c-79c4-4842-b3e9-56418fcf54c4','a7745943-d7d4-4048-bcea-ad3a7c501e01','dcc48d50-f48d-471b-8ddc-624b5d72d0bc',0,'2025-11-20 01:30:18','2025-11-13 01:30:18'),('7e77eacb-1071-41db-a0c7-8bcae8fea2e6','a7745943-d7d4-4048-bcea-ad3a7c501e01','2b5e2c79-633c-4a71-ba4e-70f70a9f3a22',0,'2025-11-20 01:10:02','2025-11-13 01:10:02'),('7ebd3b5e-c9bb-4b68-9b75-ef91c2cb9eb8','a7745943-d7d4-4048-bcea-ad3a7c501e01','dc5ba72e-8e9a-4f9c-a77a-51be770feb2b',0,'2025-11-20 01:31:27','2025-11-13 01:31:27'),('7fd7d1eb-0384-49cf-97a8-db1f208b4320','a7745943-d7d4-4048-bcea-ad3a7c501e01','4e1e5c81-590a-44fa-95f2-99ce0268ac73',0,'2025-11-20 01:09:57','2025-11-13 01:09:57'),('800c37a7-17f7-47ed-bd57-f43724f57ffb','a7745943-d7d4-4048-bcea-ad3a7c501e01','e5243e30-85fe-4204-a83d-cbe785ecbf9f',0,'2025-11-20 01:31:26','2025-11-13 01:31:26'),('825a9908-40cd-4f55-ba81-ed0325c13348','a7745943-d7d4-4048-bcea-ad3a7c501e01','4ff0b885-5a05-4747-a3f3-bc9e4a7e933f',0,'2025-11-20 01:10:00','2025-11-13 01:10:00'),('84a001b8-bf7d-47b0-9ced-f74e478fe361','a7745943-d7d4-4048-bcea-ad3a7c501e01','d81bece5-0ffe-4f87-a290-85140ca2096c',0,'2025-11-20 01:10:00','2025-11-13 01:10:00'),('86d1f358-0d5c-4ff3-a442-7857a3dceca2','a7745943-d7d4-4048-bcea-ad3a7c501e01','d20d253c-6229-4a6d-8ce0-bfde342c0232',0,'2025-11-20 01:31:27','2025-11-13 01:31:27'),('87abde64-f97a-4e95-91f8-83fe4e23d6b6','a7745943-d7d4-4048-bcea-ad3a7c501e01','45a6e631-7b0a-4905-b516-f5583ca7ab7d',0,'2025-11-20 01:10:01','2025-11-13 01:10:01'),('89d26a3c-71dc-4d07-af88-074d143292b7','d9936fc7-262d-47ee-8f18-12cbeab24922','3a88613f-39eb-446f-906e-c330eaf0d70f',0,'2025-10-28 17:11:52','2025-10-21 17:11:52'),('8a80d110-d9e5-4b36-a533-09871aa4eca2','a7745943-d7d4-4048-bcea-ad3a7c501e01','476e00b9-88b6-4313-8a0a-3e9b665c2814',0,'2025-11-20 01:09:56','2025-11-13 01:09:56'),('8c43b2cc-4536-4535-acb6-010c58a6dc8f','a7745943-d7d4-4048-bcea-ad3a7c501e01','285409e6-4f1c-4eb8-bedf-f6d27c532c5f',0,'2025-11-20 01:31:27','2025-11-13 01:31:27'),('8f3649af-bbe8-4997-a4eb-a1bf9ee9eec9','a7745943-d7d4-4048-bcea-ad3a7c501e0e','a8881bfd-360c-4b13-b898-2be26d74cc15',0,'2025-10-28 14:44:57','2025-10-21 14:44:57'),('8ff89daa-5114-47d2-8e1d-0c276b35e710','a7745943-d7d4-4048-bcea-ad3a7c501e0e','59e206a8-ae6e-483d-97ff-152c6e825e0d',0,'2025-11-04 12:55:09','2025-10-28 12:55:09'),('905bdda0-0179-43aa-b143-8982da7d157f','a7745943-d7d4-4048-bcea-ad3a7c501e01','9e733874-9dbf-463b-a8c7-4cb3b71ae1c5',0,'2025-11-20 01:30:20','2025-11-13 01:30:20'),('905d7e72-41b3-4535-a58e-aca4417c1518','a7745943-d7d4-4048-bcea-ad3a7c501e01','61b06232-bb04-4198-83cc-34de21efae69',0,'2025-11-20 01:31:20','2025-11-13 01:31:20'),('90ca1ded-4fcb-489c-9f5e-b7bb88e4a086','a7745943-d7d4-4048-bcea-ad3a7c501e01','7813c2e4-c5c0-4a95-8334-00a78ca0fec2',0,'2025-11-20 01:30:22','2025-11-13 01:30:22'),('91473f86-1ca8-4d97-a0a7-0cd02b690dcc','a7745943-d7d4-4048-bcea-ad3a7c501e01','2bed16d6-24b1-4536-8f5b-e028b0fb1596',0,'2025-11-20 01:31:28','2025-11-13 01:31:28'),('918b0e8b-77a0-495c-a97d-5a1097d9b1fa','a7745943-d7d4-4048-bcea-ad3a7c501e01','59fcbec1-855b-4927-b2e5-2dcc31c261aa',0,'2025-11-20 01:10:05','2025-11-13 01:10:05'),('92fc3b45-7894-43a4-8f7f-2ca25406ad31','a7745943-d7d4-4048-bcea-ad3a7c501e01','4d570415-d252-41b1-ab36-190c41147874',0,'2025-11-20 01:10:05','2025-11-13 01:10:05'),('930bd357-c8d7-4a27-b657-09a33668be59','a7745943-d7d4-4048-bcea-ad3a7c501e01','b020acf5-2dca-4ab0-a661-fe0a83fa39dc',0,'2025-11-20 01:31:20','2025-11-13 01:31:20'),('93823657-0711-4d7a-a076-0a49a93e816e','a7745943-d7d4-4048-bcea-ad3a7c501e01','7b22542b-cc2f-48a3-ba96-102ec2cc7eaa',0,'2025-11-20 01:31:25','2025-11-13 01:31:25'),('94da9256-ff2e-48ef-91a7-824ca44abe78','a7745943-d7d4-4048-bcea-ad3a7c501e01','30f0502d-ecfb-4b42-a55b-835d0ef88729',0,'2025-11-20 01:10:01','2025-11-13 01:10:01'),('95fdc583-9584-49bb-bc5d-8674a418d2bb','a7745943-d7d4-4048-bcea-ad3a7c501e0e','8cb74830-5ba5-4aca-858f-a24bad3f15b8',0,'2025-10-28 17:18:24','2025-10-21 17:18:24'),('96d21fb6-961a-4a70-80fb-e4d4af106a08','a7745943-d7d4-4048-bcea-ad3a7c501e01','b1a4fc65-798f-47e5-bbb6-6f3f8175cc6e',0,'2025-11-20 01:30:20','2025-11-13 01:30:20'),('97cf212a-c5b1-4056-9272-ebb3e7e662f7','a7745943-d7d4-4048-bcea-ad3a7c501e01','81ff1046-86a0-4c62-8b06-2ba1bb357bc3',0,'2025-11-20 01:10:02','2025-11-13 01:10:02'),('98b86ad6-35d0-488c-affb-64d6928a4f4c','a7745943-d7d4-4048-bcea-ad3a7c501e01','6e3e3e01-7608-41a8-bad3-88f74b95de83',0,'2025-11-20 01:31:26','2025-11-13 01:31:26'),('992c5566-ade1-421f-a832-bdefc20f6ff6','a7745943-d7d4-4048-bcea-ad3a7c501e01','33b1282d-31d3-4269-b4b6-77beee15e758',0,'2025-11-20 01:30:21','2025-11-13 01:30:21'),('99e825c8-4b37-46c7-976b-8970431ac99d','a7745943-d7d4-4048-bcea-ad3a7c501e01','da1acdb7-987a-4022-939c-23d395339267',0,'2025-11-20 01:09:56','2025-11-13 01:09:56'),('9aaf85e6-a413-4fbc-8bc7-31340bb75e89','a7745943-d7d4-4048-bcea-ad3a7c501e01','69af98e0-07dc-4255-931a-74194e58a411',0,'2025-11-20 01:30:18','2025-11-13 01:30:18'),('9b3d38c2-6f2a-4029-b604-9e01500e19b0','d9936fc7-262d-47ee-8f18-12cbeab24922','17150b39-06ee-48d2-975b-077e014f5b69',0,'2025-10-29 04:07:31','2025-10-22 04:07:31'),('9c9ced34-bbed-46c2-8558-c78b201bdd52','a7745943-d7d4-4048-bcea-ad3a7c501e01','6b0aa0c3-6060-42c8-bbaa-221d226b5f8a',0,'2025-11-20 01:10:00','2025-11-13 01:10:00'),('9dbb969d-d897-46de-85e2-7014e820036d','a7745943-d7d4-4048-bcea-ad3a7c501e01','597bdeb9-b4a0-41d5-8de9-869a152acfc1',0,'2025-11-20 01:31:25','2025-11-13 01:31:25'),('9e42453d-8f96-4f95-b27b-b272472a977d','a7745943-d7d4-4048-bcea-ad3a7c501e01','5425357c-576a-4989-9de2-387ad68531c4',0,'2025-11-20 01:31:29','2025-11-13 01:31:29'),('9ec33a28-96ac-4457-b26a-9b4881554a82','a7745943-d7d4-4048-bcea-ad3a7c501e01','892486b9-21e8-4efc-865b-5cb82f0df38a',0,'2025-11-20 01:31:26','2025-11-13 01:31:26'),('9f95cd69-9f11-4bd9-8e7f-e6acd2fb6f6f','a7745943-d7d4-4048-bcea-ad3a7c501e01','0c077326-f536-45d9-9532-11212e7b5ba1',0,'2025-11-20 01:30:17','2025-11-13 01:30:17'),('a1a7b3a4-edc9-4c8b-8613-5d04baca34d2','d9936fc7-262d-47ee-8f18-12cbeab24922','83a2543e-45e4-4c04-9dcd-1ca6d58c53b5',0,'2025-10-28 17:31:24','2025-10-21 17:31:24'),('a24ba7cf-c3af-4a66-9e51-6124a39b1b36','a7745943-d7d4-4048-bcea-ad3a7c501e01','4e60a63c-7c2e-4742-b41d-036c9282b8dd',0,'2025-11-20 01:10:05','2025-11-13 01:10:05'),('a48695b1-1e2e-4ba4-baa0-a9f8ac83a580','a7745943-d7d4-4048-bcea-ad3a7c501e01','eb278ce0-e244-4041-8f8d-35db1673cb5a',0,'2025-11-20 01:09:59','2025-11-13 01:09:59'),('a48a9167-c1f7-4c0b-bd6d-1a31503f590b','a7745943-d7d4-4048-bcea-ad3a7c501e01','f8480c6b-57d5-4501-bde2-fc2fe8856ee2',0,'2025-11-20 01:30:18','2025-11-13 01:30:18'),('a59be1a3-2f9a-4524-981f-49baebf8a60e','a7745943-d7d4-4048-bcea-ad3a7c501e01','73c46045-1519-4201-9ecb-a02619c9ee40',0,'2025-11-20 01:30:20','2025-11-13 01:30:20'),('a5d2681d-dbed-4cf4-9558-1efaefc945ae','a7745943-d7d4-4048-bcea-ad3a7c501e01','6e12cf7e-2a99-4fdb-95ab-e29dfd0bf4f0',0,'2025-11-20 01:30:23','2025-11-13 01:30:23'),('a5ef6fb9-355e-4878-8038-4b29979b0ae8','a7745943-d7d4-4048-bcea-ad3a7c501e01','e3d9e668-b149-4cef-965b-47ac26d12b02',0,'2025-11-20 01:31:27','2025-11-13 01:31:27'),('a67e8a15-db4d-4db8-a144-202863bbed78','a7745943-d7d4-4048-bcea-ad3a7c501e01','a0e1b15c-6b8e-4c22-bd23-6317315ecb10',0,'2025-11-20 01:09:57','2025-11-13 01:09:57'),('a9a58e1c-3dd5-4597-a5fd-15a41425f573','a7745943-d7d4-4048-bcea-ad3a7c501e01','8366b808-0717-4852-8d7f-c13b882194cf',0,'2025-11-20 01:31:21','2025-11-13 01:31:21'),('abd7e73b-81d6-4810-9a4e-292c49c0e4e7','a7745943-d7d4-4048-bcea-ad3a7c501e01','10080faa-7b8f-4084-80b8-740e347c724a',0,'2025-11-20 01:09:59','2025-11-13 01:09:59'),('ac51b426-26ac-4efa-af42-9667e7187bb2','a7745943-d7d4-4048-bcea-ad3a7c501e01','905265e2-a2ef-4473-a28f-0822d05b6498',0,'2025-11-20 01:10:04','2025-11-13 01:10:04'),('ac6242a1-2477-4744-a415-eaee3e7a0c33','d9936fc7-262d-47ee-8f18-12cbeab24922','ba13a14f-286a-4127-8eea-1c09446c17c5',0,'2025-10-29 05:10:08','2025-10-22 05:10:08'),('ac89208a-85da-4e4b-b0c8-6d1a0b02fd37','a7745943-d7d4-4048-bcea-ad3a7c501e01','27e9386b-1fd4-4d84-bac5-5a4c8de96b10',0,'2025-11-20 01:30:20','2025-11-13 01:30:20'),('ad2ba299-da12-4aa0-ab03-c6f04f3449a6','a7745943-d7d4-4048-bcea-ad3a7c501e01','beb2311b-9d34-49d3-b203-fb8f4e8d1e91',0,'2025-11-20 01:31:24','2025-11-13 01:31:24'),('ad8e317d-898c-46f6-9c69-ecb85ee4a061','a7745943-d7d4-4048-bcea-ad3a7c501e0e','6de5c6ea-efb1-4cb4-bef8-797f98a55597',0,'2025-11-04 13:43:06','2025-10-28 13:43:06'),('add30757-e9e1-4fd7-bec7-a7b5a282c05e','a7745943-d7d4-4048-bcea-ad3a7c501e0e','bb8557bc-b3fc-4546-9659-fd91ea0d84a9',0,'2025-11-04 13:03:32','2025-10-28 13:03:32'),('ae6eb0eb-ef77-469c-b2b0-425e04aea043','a7745943-d7d4-4048-bcea-ad3a7c501e01','fa653511-31aa-40ad-97a5-9fc40129cf1a',0,'2025-11-20 01:30:23','2025-11-13 01:30:23'),('aef02a17-4000-465c-b505-75b0f711a675','a7745943-d7d4-4048-bcea-ad3a7c501e01','970bf8d5-f8e7-4e6e-8833-9f3478e9ee46',0,'2025-11-20 01:10:00','2025-11-13 01:10:00'),('b04f03c2-76f1-4384-b1f9-889f8786c53c','a7745943-d7d4-4048-bcea-ad3a7c501e01','c60b68db-355e-4895-bccc-0683418c7ed0',0,'2025-11-20 01:31:23','2025-11-13 01:31:23'),('b0552ac6-c09a-4e45-a2b3-077ec1eb485c','a7745943-d7d4-4048-bcea-ad3a7c501e01','e8b296eb-e9f2-4cf7-b1ad-b4ef166c3c37',0,'2025-11-20 01:30:20','2025-11-13 01:30:20'),('b06d993c-6517-44b4-92d4-0ea3a218c725','a7745943-d7d4-4048-bcea-ad3a7c501e01','50ce15fe-ae49-48fe-b5d3-272e6fb29dfa',0,'2025-11-20 01:30:18','2025-11-13 01:30:18'),('b2809a45-f0c9-4274-ad36-1131612b8ca0','a7745943-d7d4-4048-bcea-ad3a7c501e01','a7789fc8-e8dd-49d7-b4a5-8731768c1de1',0,'2025-11-20 01:09:56','2025-11-13 01:09:56'),('b4dabe5d-1a3c-4313-bbdb-f7481c4db825','a7745943-d7d4-4048-bcea-ad3a7c501e01','fd38e849-ac1b-4b88-86f4-5d2af428cace',0,'2025-11-20 01:10:03','2025-11-13 01:10:03'),('b53dc14e-2103-4a7c-9d43-a6b01a7df776','a7745943-d7d4-4048-bcea-ad3a7c501e01','0ba00458-23dc-4f1b-a4c8-3809d37ab516',0,'2025-11-20 01:31:20','2025-11-13 01:31:20'),('b5a483ec-4a7c-41bb-b67c-a34593be4ae4','a7745943-d7d4-4048-bcea-ad3a7c501e01','3fbc0985-34da-48a4-abf1-a19c1caef166',0,'2025-11-20 01:09:56','2025-11-13 01:09:56'),('b5e2171e-fe0f-4a3f-8208-c0b7e67e538b','a7745943-d7d4-4048-bcea-ad3a7c501e01','de60df47-30f8-4106-a75d-943138873ab3',0,'2025-11-20 01:31:22','2025-11-13 01:31:22'),('b5eccb78-3bbf-48a0-950f-e1976898e4e3','a7745943-d7d4-4048-bcea-ad3a7c501e0e','4c8cbc9b-ba4c-42ca-8930-d5a70ad38987',0,'2025-10-30 07:56:24','2025-10-23 07:56:24'),('b6cd5a32-b809-4f40-b79a-c9ee9fbf05bf','a7745943-d7d4-4048-bcea-ad3a7c501e01','715c0161-31dc-4dcb-8b7a-1ab79a65bdaf',0,'2025-11-20 01:30:17','2025-11-13 01:30:17'),('b7aed4f4-902d-4eb8-b5d4-c809c7ce8c85','a7745943-d7d4-4048-bcea-ad3a7c501e01','e5fb0f63-b511-4032-b4b2-b1d654c3618d',0,'2025-11-20 01:10:04','2025-11-13 01:10:04'),('b8168713-ffb5-4bee-8e7e-78149abba1b2','a7745943-d7d4-4048-bcea-ad3a7c501e01','3078da98-ae4f-4d95-817f-9a664914087f',0,'2025-11-20 01:30:17','2025-11-13 01:30:17'),('b81f9663-ebf8-4305-b441-2a135010dac3','a7745943-d7d4-4048-bcea-ad3a7c501e01','8810f697-44af-48eb-a74d-9b7745e9b604',0,'2025-11-20 01:30:16','2025-11-13 01:30:16'),('b8d4cdd1-03f8-400b-a12e-04c0e97243d7','a7745943-d7d4-4048-bcea-ad3a7c501e01','1701526c-a931-4f16-9382-7e62cb99c356',0,'2025-11-20 01:10:02','2025-11-13 01:10:02'),('b9150fb1-ae8b-40e4-9f3e-9e8ae79df7e0','a7745943-d7d4-4048-bcea-ad3a7c501e01','19b2c859-8c96-4ee5-89a0-7196a8c38793',0,'2025-11-20 01:31:24','2025-11-13 01:31:24'),('b9d69156-eda6-4d53-860b-0b2a4c38b27a','d9936fc7-262d-47ee-8f18-12cbeab24922','2c84af63-96f7-437d-9337-aa3166b6b197',0,'2025-10-28 17:31:53','2025-10-21 17:31:53'),('badb2132-9a00-459e-b412-185c8d9b2097','a7745943-d7d4-4048-bcea-ad3a7c501e01','450c8a44-d320-4744-9b90-31bb1d933d5c',0,'2025-11-20 01:10:01','2025-11-13 01:10:01'),('bb7a173a-77c3-441c-beaa-ade474c4b4ff','a7745943-d7d4-4048-bcea-ad3a7c501e01','6387ca5e-e990-49b2-ac51-9d8de88bee07',0,'2025-11-20 01:09:58','2025-11-13 01:09:58'),('bbe1c2fa-2a28-4119-b66a-6701b089b0e3','a7745943-d7d4-4048-bcea-ad3a7c501e01','92be22f7-6333-441f-b438-4393f518b5b9',0,'2025-11-20 01:30:22','2025-11-13 01:30:22'),('bd14506c-0010-4e0e-a9c0-15b1a2e6cccf','a7745943-d7d4-4048-bcea-ad3a7c501e01','d5fca4a0-297d-450b-b76f-33e922f1a094',0,'2025-11-20 01:10:01','2025-11-13 01:10:01'),('bdf6ed27-5128-48c2-8bbd-71d31d6dfdc4','a7745943-d7d4-4048-bcea-ad3a7c501e01','888cd560-5faf-41af-8fb3-97fe4d162315',0,'2025-11-20 01:09:57','2025-11-13 01:09:57'),('be59c994-138e-4fb8-be8e-70221a8ddfcf','a7745943-d7d4-4048-bcea-ad3a7c501e01','f36ca464-4ef2-413f-979c-2e653eea893f',0,'2025-11-20 01:10:05','2025-11-13 01:10:05'),('bf22bb0d-1ab2-400f-990f-1757c909c03b','a7745943-d7d4-4048-bcea-ad3a7c501e01','4b35628a-c41a-4f84-9776-4ae3baf39c1d',0,'2025-11-20 01:09:58','2025-11-13 01:09:58'),('bf540089-a0b4-487b-b7cd-00dd1a3f65f7','a7745943-d7d4-4048-bcea-ad3a7c501e01','97963c6e-4c58-497a-8729-a5c9e0fdd63c',0,'2025-11-20 01:30:21','2025-11-13 01:30:21'),('bf90feb2-73ff-459a-acf4-b815a0f2af1d','a7745943-d7d4-4048-bcea-ad3a7c501e01','2bcaab8e-9a2f-42ae-b454-c00ded8169c9',0,'2025-11-20 01:31:25','2025-11-13 01:31:25'),('bffecd7d-ea58-49dd-a815-ec86816553b7','a7745943-d7d4-4048-bcea-ad3a7c501e01','4ebcd1d5-a17b-4c9d-a081-d010a18bc761',0,'2025-11-20 01:09:57','2025-11-13 01:09:57'),('c0748fdf-59d2-45fc-9c82-2191ba490f16','a7745943-d7d4-4048-bcea-ad3a7c501e0e','c2e77181-ed59-47e5-b538-5b11b8cf209c',0,'2025-11-04 14:00:28','2025-10-28 14:00:28'),('c08ce16d-685b-4620-ad91-27c361a3c2f8','a7745943-d7d4-4048-bcea-ad3a7c501e01','b01e800b-38fb-4c7f-a7ee-46b531d89465',0,'2025-11-20 01:30:20','2025-11-13 01:30:20'),('c0dc30ab-74f1-4636-8603-afdb8385edd7','a7745943-d7d4-4048-bcea-ad3a7c501e0e','f23dbff2-e544-48e6-9a90-8fc31fd7849d',0,'2025-10-30 07:49:21','2025-10-23 07:49:21'),('c14cae89-7b90-4dd9-a3d1-a49c14a21fcb','a7745943-d7d4-4048-bcea-ad3a7c501e0e','00652393-7493-4e6f-bfd0-48d0eefaa5b6',0,'2025-10-28 14:47:30','2025-10-21 14:47:30'),('c1aa19dd-3d44-4cf1-9f3c-e832129cfb76','a7745943-d7d4-4048-bcea-ad3a7c501e01','39a16219-a0a9-43e3-a830-5e2e2c132e3b',0,'2025-11-20 01:09:59','2025-11-13 01:09:59'),('c23049e3-cec0-4f0d-9acb-3bcd26dc0366','a7745943-d7d4-4048-bcea-ad3a7c501e01','36ddc727-ed6a-48db-a591-1bfff316a767',0,'2025-11-20 01:31:28','2025-11-13 01:31:28'),('c6280fba-d425-41c8-8063-98cb34c0c087','a7745943-d7d4-4048-bcea-ad3a7c501e01','5156dfe5-abf8-421c-91cb-15e5d8c22f52',0,'2025-11-20 01:30:19','2025-11-13 01:30:19'),('c6804224-b204-41fd-8d7d-7afe71a48ae8','a7745943-d7d4-4048-bcea-ad3a7c501e01','39c23be3-d185-4113-9c0d-7a40e8f00d80',0,'2025-11-20 01:30:23','2025-11-13 01:30:23'),('c7370094-82c8-494e-982d-18c3230eda6b','d9936fc7-262d-47ee-8f18-12cbeab24922','c774bf92-3904-4f4b-b465-676caba63629',0,'2025-10-28 16:56:49','2025-10-21 16:56:49'),('c74bba99-7931-42a3-b4cb-70a9246e9e97','a7745943-d7d4-4048-bcea-ad3a7c501e01','99c376ee-4a14-402a-891f-fb23be339b0f',0,'2025-11-19 18:23:46','2025-11-12 18:23:46'),('c79c0c3c-a7a5-4775-bb3e-d80fe20d6762','a7745943-d7d4-4048-bcea-ad3a7c501e01','60b672f6-ad5f-4264-985b-e5461b9fbb9c',0,'2025-11-20 01:31:29','2025-11-13 01:31:29'),('c90bfbdb-9365-4a33-92bb-1dd53e2996bd','a7745943-d7d4-4048-bcea-ad3a7c501e0e','13a3406a-eacc-4f7b-a880-37f5d5e9d03c',0,'2025-11-04 13:06:57','2025-10-28 13:06:57'),('cb44fd12-04fe-4f83-adc0-9508605e3afd','a7745943-d7d4-4048-bcea-ad3a7c501e01','dd048499-0482-4ff4-b92b-fe13341985c8',0,'2025-11-20 01:31:28','2025-11-13 01:31:28'),('cb743fcf-08bd-4a07-bf00-78b79f2fb809','a7745943-d7d4-4048-bcea-ad3a7c501e01','a524d7bc-0562-4b04-873c-93537881289c',0,'2025-11-19 17:55:44','2025-11-12 17:55:44'),('cb9ce62a-553c-4cc1-9016-ff6c535fc56e','a7745943-d7d4-4048-bcea-ad3a7c501e01','0d705f05-bda4-4cc8-86e7-80ec16404e9d',0,'2025-11-20 01:10:04','2025-11-13 01:10:04'),('cbc4b8be-1a04-4821-9a9c-883ba3b1f71a','a7745943-d7d4-4048-bcea-ad3a7c501e01','633ccf2c-389a-4943-b9c8-995313ca2d3d',0,'2025-11-20 01:30:21','2025-11-13 01:30:21'),('cc735fed-2492-432b-ba4d-724233742a23','a7745943-d7d4-4048-bcea-ad3a7c501e01','6b2dcea7-ee8a-44dc-a316-ba1bebd60ac1',0,'2025-11-20 01:31:29','2025-11-13 01:31:29'),('ccca5ddd-ec03-4cb3-8006-9bbcdb737421','a7745943-d7d4-4048-bcea-ad3a7c501e01','e6f828df-794f-4afd-b48e-53c6275b87b2',0,'2025-11-20 01:10:05','2025-11-13 01:10:05'),('cd126151-4455-4253-8170-78b7a2045659','a7745943-d7d4-4048-bcea-ad3a7c501e01','e19ebe00-fde1-4315-b7d7-cd7be23d1848',0,'2025-11-20 01:31:27','2025-11-13 01:31:27'),('cd6a070d-0242-4557-b5a3-3c502d88943e','a7745943-d7d4-4048-bcea-ad3a7c501e01','ff5ec0e9-d8c8-40d1-85fa-8119e1cdfd2e',0,'2025-11-20 01:31:25','2025-11-13 01:31:25'),('ce3b7188-186e-4f1d-8ee6-9ec02a32e0c1','a7745943-d7d4-4048-bcea-ad3a7c501e01','82c0a8f9-23d1-4390-ad26-ee79fe8252e2',0,'2025-11-20 01:10:00','2025-11-13 01:10:00'),('ce64f97e-36cc-43b2-aad2-13ba3dcd191c','a7745943-d7d4-4048-bcea-ad3a7c501e01','829840b8-f2e7-401c-a5ac-dd78bb837456',0,'2025-11-20 01:30:16','2025-11-13 01:30:16'),('ce8adce9-b5cd-4043-91a9-aad20413cf80','a7745943-d7d4-4048-bcea-ad3a7c501e01','7a2b31d4-4c94-4c0f-beb3-605b42d77ecb',0,'2025-11-20 01:31:21','2025-11-13 01:31:21'),('cea8aa72-9982-4ce3-ab3d-dd4de7a571e7','a7745943-d7d4-4048-bcea-ad3a7c501e0e','274da671-77a4-4c03-9a82-8930a28d8104',0,'2025-10-28 17:24:39','2025-10-21 17:24:39'),('cf14319a-6e21-45c8-af6b-79478ce716d1','a7745943-d7d4-4048-bcea-ad3a7c501e01','1573b303-5c2f-4ffa-ab85-ccf40eb24ee2',0,'2025-11-20 01:09:58','2025-11-13 01:09:58'),('cfa527ef-bea2-48c7-814c-60f6c705f273','a7745943-d7d4-4048-bcea-ad3a7c501e01','d3dbd1a7-5d36-497a-82bc-213b9ba28f46',0,'2025-11-20 01:10:05','2025-11-13 01:10:05'),('cfa55160-97c3-4640-bf2a-2f64e35a77e6','a7745943-d7d4-4048-bcea-ad3a7c501e01','589b3ad5-9c48-4782-b653-5b66be793235',0,'2025-11-20 01:30:18','2025-11-13 01:30:18'),('d0d4858d-bc58-4898-b43e-5417213bb22b','a7745943-d7d4-4048-bcea-ad3a7c501e01','801f4ed0-6c4c-47c3-bb58-171e14697bb9',0,'2025-11-20 01:09:57','2025-11-13 01:09:57'),('d156fc3f-6bf5-426c-a6e3-f48e2b052647','a7745943-d7d4-4048-bcea-ad3a7c501e01','69155c54-aa2a-4dd4-90d5-fbdda63245d6',0,'2025-11-20 01:31:20','2025-11-13 01:31:20'),('d197c736-262c-4f56-a579-ce55e45fc25c','a7745943-d7d4-4048-bcea-ad3a7c501e01','1bdd14fd-afe3-4cf7-b364-a835232690de',0,'2025-11-20 01:30:17','2025-11-13 01:30:17'),('d20d8cce-d632-49c4-b9e0-8a0a9b1cc78f','a7745943-d7d4-4048-bcea-ad3a7c501e01','b2e22008-9f2e-4833-927c-ab4fab7fc5f4',0,'2025-11-20 01:30:16','2025-11-13 01:30:16'),('d371d0fb-d204-4832-b3fd-0f8c9038326b','a7745943-d7d4-4048-bcea-ad3a7c501e01','14787cfb-e4f2-4cb1-94f2-ee4fa827e8b7',0,'2025-11-20 01:30:17','2025-11-13 01:30:17'),('d3ce5bd7-6d76-4a16-9981-3f8dab257f19','a7745943-d7d4-4048-bcea-ad3a7c501e01','da01c331-385d-4734-a258-2815ac29db98',0,'2025-11-20 01:30:23','2025-11-13 01:30:23'),('d4a5e2b1-1165-4e39-a73a-8db33560fc35','a7745943-d7d4-4048-bcea-ad3a7c501e01','3c7e8b90-cdd9-4bbb-a67f-52b1dec1de70',0,'2025-11-20 01:31:21','2025-11-13 01:31:21'),('d4b53f19-3192-41ce-b594-9869c0191b9f','d9936fc7-262d-47ee-8f18-12cbeab24922','5ca201d5-141d-4159-91fe-8e44d86a2411',0,'2025-10-28 16:55:52','2025-10-21 16:55:52'),('d4edda75-516f-49ad-a5b3-ccdaa5ae5d02','a7745943-d7d4-4048-bcea-ad3a7c501e01','ed2ceb96-d0af-4295-9c78-467bd44a76b6',0,'2025-11-20 01:30:21','2025-11-13 01:30:21'),('d62bb5c1-e64e-41e0-8f78-31c905074fb7','a7745943-d7d4-4048-bcea-ad3a7c501e01','da16275d-0f50-4ba4-8954-a2a3a9d1870d',0,'2025-11-20 01:31:26','2025-11-13 01:31:26'),('d747ef3e-6e51-4530-abb6-f289b7077937','a7745943-d7d4-4048-bcea-ad3a7c501e01','010d5844-1b19-4ad8-b7d5-752ce1380450',0,'2025-11-20 01:30:17','2025-11-13 01:30:17'),('d75b46dc-7685-47e2-a992-1f96f8369a48','a7745943-d7d4-4048-bcea-ad3a7c501e01','53cc8e5b-7556-4122-b8df-bb87cd701f20',0,'2025-11-20 01:31:28','2025-11-13 01:31:28'),('d771b385-e7ac-427b-af59-21ae1839cbdb','d9936fc7-262d-47ee-8f18-12cbeab24922','f4915178-0b10-4bbb-b45c-3a6e801b88c5',0,'2025-10-28 17:28:20','2025-10-21 17:28:20'),('d8b89650-fd8f-4b4d-874f-3bb23e4ca447','a7745943-d7d4-4048-bcea-ad3a7c501e01','07ca068c-a671-4e74-9e1a-b559b412222a',0,'2025-11-20 01:10:04','2025-11-13 01:10:04'),('da382ca0-ce67-415e-b6c4-0e713fe44deb','a7745943-d7d4-4048-bcea-ad3a7c501e01','01022cfa-811e-48dd-825b-eb7d53106f63',0,'2025-11-20 01:31:24','2025-11-13 01:31:24'),('da901896-6a31-4225-accd-34010db2bd74','a7745943-d7d4-4048-bcea-ad3a7c501e01','e24b5b18-41eb-4bd6-a088-912967714bff',0,'2025-11-20 01:30:23','2025-11-13 01:30:23'),('db271c63-73dd-4970-9884-01557be221d6','a7745943-d7d4-4048-bcea-ad3a7c501e01','bd2464ea-4859-4970-bd9b-798a4d873923',0,'2025-11-20 01:30:23','2025-11-13 01:30:23'),('db8202f9-01cd-4887-9773-15269e5dd5d5','a7745943-d7d4-4048-bcea-ad3a7c501e01','08639a0e-4c12-4070-b6ce-ba46cd1428ef',0,'2025-11-20 01:30:19','2025-11-13 01:30:19'),('dc0744bc-1a29-46c9-a155-53ee6d6bce9b','a7745943-d7d4-4048-bcea-ad3a7c501e01','57cc6dd7-f168-446d-8c53-28ad6c82826d',0,'2025-11-20 01:31:26','2025-11-13 01:31:26'),('dc0792ff-7146-414e-b6ad-9789c54d5fc2','a7745943-d7d4-4048-bcea-ad3a7c501e0e','34e18450-6921-466f-94bc-b24f0d5ab862',0,'2025-10-30 07:33:31','2025-10-23 07:33:31'),('dca90d07-9ab1-4ea5-a2b2-85f7a48b8be8','a7745943-d7d4-4048-bcea-ad3a7c501e01','d0755493-7a9e-4cad-8704-54699689c65b',0,'2025-11-20 01:30:16','2025-11-13 01:30:16'),('dd80d2fd-710a-47aa-b2c6-7b547078e1d1','a7745943-d7d4-4048-bcea-ad3a7c501e01','05a92133-d38f-4de8-b984-f82ee5cb6699',0,'2025-11-20 01:30:16','2025-11-13 01:30:16'),('dde3059c-ca10-4d93-aab4-6b2e035c46f2','a7745943-d7d4-4048-bcea-ad3a7c501e01','a194ab20-8d4d-43ef-b98c-111fc2893979',0,'2025-11-20 01:31:26','2025-11-13 01:31:26'),('de6ab964-cf8c-4bdf-85a4-97c9789edc20','a7745943-d7d4-4048-bcea-ad3a7c501e01','5153f3a8-352e-4781-ad13-e3941a3eb03c',0,'2025-11-20 01:31:23','2025-11-13 01:31:23'),('df432d2c-04e4-4924-a7a6-3087817225f2','a7745943-d7d4-4048-bcea-ad3a7c501e01','4a6263da-85d7-46c7-be67-401790d737cf',0,'2025-11-20 01:31:21','2025-11-13 01:31:21'),('df455898-1029-4d8c-8412-612af8d6824d','a7745943-d7d4-4048-bcea-ad3a7c501e0e','247ceb9a-be05-40b5-989f-56ad0257b4b7',0,'2025-10-28 15:24:58','2025-10-21 15:24:58'),('dfab79ce-c87c-46e2-b002-8dee0d828438','a7745943-d7d4-4048-bcea-ad3a7c501e01','e0fad7ef-f76d-4c46-8918-4e44a2bd6099',0,'2025-11-20 01:10:05','2025-11-13 01:10:05'),('e12917ea-5791-4842-9af3-f84b4c16dbfe','a7745943-d7d4-4048-bcea-ad3a7c501e01','177990de-baf7-4d67-964c-f6c360e9320b',0,'2025-11-20 01:31:24','2025-11-13 01:31:24'),('e156c829-8fa1-4f91-9de8-97b31483fa27','d9936fc7-262d-47ee-8f18-12cbeab24922','e84b8395-d142-4275-9107-9244ff1ba88c',0,'2025-10-28 17:17:01','2025-10-21 17:17:01'),('e19f17c0-a41a-4ee9-a3d6-8db1d6202b0e','a7745943-d7d4-4048-bcea-ad3a7c501e01','162a2e05-8cd0-4de7-ba2f-a1106d4bbfc5',0,'2025-11-20 01:31:24','2025-11-13 01:31:24'),('e2795c2a-2101-451b-841c-2000c1593d48','a7745943-d7d4-4048-bcea-ad3a7c501e01','1c29d8db-2cac-4498-b1a5-d86c82ccd212',0,'2025-11-20 01:09:59','2025-11-13 01:09:59'),('e38744e1-1913-4cfd-b453-7b64fc2b9d6e','a7745943-d7d4-4048-bcea-ad3a7c501e01','665b396d-5b0e-4760-b438-3869d9caf0c5',0,'2025-11-20 01:30:20','2025-11-13 01:30:20'),('e3df4422-d7e4-4552-8666-32356586083d','a7745943-d7d4-4048-bcea-ad3a7c501e01','01b91fa2-e581-4b38-beb6-594d7633be5c',0,'2025-11-20 01:10:04','2025-11-13 01:10:04'),('e4c4d36d-d01e-4e1a-a3cd-89f7d9701f71','d9936fc7-262d-47ee-8f18-12cbeab24922','b78f9f13-649c-41e1-b77d-e77b2de52730',0,'2025-10-28 17:35:33','2025-10-21 17:35:33'),('e5d04169-d5d3-4242-9930-eca15fbee182','a7745943-d7d4-4048-bcea-ad3a7c501e01','5536768b-2e50-4dbf-a2d0-d1d1f31a1635',0,'2025-11-20 01:10:02','2025-11-13 01:10:02'),('e662b775-7159-403e-aefb-198d4250e09e','a7745943-d7d4-4048-bcea-ad3a7c501e01','a9a2bb44-2bd6-4277-aefa-750b20772483',0,'2025-11-20 01:31:23','2025-11-13 01:31:23'),('e80bc5cd-3b94-41f8-abac-c6b6e60e92f5','a7745943-d7d4-4048-bcea-ad3a7c501e01','79804cac-821b-4621-8f12-94bb64061eca',0,'2025-11-20 01:10:01','2025-11-13 01:10:01'),('ea2bf06e-5649-4211-8162-e62c9af90699','a7745943-d7d4-4048-bcea-ad3a7c501e01','896450c4-e0ea-4008-ab1f-d25b1e9921f5',0,'2025-11-20 01:10:04','2025-11-13 01:10:04'),('eade401d-61ed-4df8-bb49-0abd99cbf866','d9936fc7-262d-47ee-8f18-12cbeab24922','497e1f0c-69db-4662-be93-314f049d253c',0,'2025-10-29 04:07:48','2025-10-22 04:07:48'),('eb9887f4-4e19-4ec2-be56-b0b6ebfe136d','a7745943-d7d4-4048-bcea-ad3a7c501e01','72b44596-c330-46e4-88c3-a2e2e1692ff4',0,'2025-11-20 01:31:22','2025-11-13 01:31:22'),('ec52b4e1-11c0-4fd0-a52c-a884be4dab71','a7745943-d7d4-4048-bcea-ad3a7c501e01','0b3c0db3-046f-4859-8680-f492c647210e',0,'2025-11-20 01:30:17','2025-11-13 01:30:17'),('ece546f7-dd18-4603-b2c4-f1f2a8605b5a','a7745943-d7d4-4048-bcea-ad3a7c501e0e','04b84e4d-a9ae-499c-801f-fd05c75a9537',0,'2025-10-28 15:15:31','2025-10-21 15:15:31'),('ed33e495-2fd8-4392-b73b-e97be1e72505','a7745943-d7d4-4048-bcea-ad3a7c501e01','f1dc7f7b-ae89-4900-8aa5-f1ce3dabcdeb',0,'2025-11-20 01:31:28','2025-11-13 01:31:28'),('ee440cbc-385f-4f1e-913c-e327e9bd2978','a7745943-d7d4-4048-bcea-ad3a7c501e01','900169ce-0e06-47b5-88c7-82e85dd33a26',0,'2025-11-20 01:31:29','2025-11-13 01:31:29'),('eee90f8b-27bb-4669-8443-03f742452004','a7745943-d7d4-4048-bcea-ad3a7c501e01','f4bc9ce7-7ece-4429-a1c2-b0acef29de96',0,'2025-11-20 01:30:22','2025-11-13 01:30:22'),('ef383a4a-c09e-434e-af36-5d6695a4bbc3','a7745943-d7d4-4048-bcea-ad3a7c501e01','00ff6f42-e7fb-43a7-99fa-1b06c0fcd833',0,'2025-11-20 01:30:22','2025-11-13 01:30:22'),('f2e84ee5-2758-4e2e-8b76-fe0f96415132','a7745943-d7d4-4048-bcea-ad3a7c501e01','e349dc1d-936c-4729-bcc2-a040ca10b03d',0,'2025-11-20 01:31:22','2025-11-13 01:31:22'),('f3f902c9-e021-4b58-b2e2-2cdd387bccd7','a7745943-d7d4-4048-bcea-ad3a7c501e0e','c0c6acb4-b85e-44e3-9ec6-a91dccbd9bc2',0,'2025-10-30 07:30:47','2025-10-23 07:30:47'),('f45001dc-e440-4345-a41a-ae828be7e97d','a7745943-d7d4-4048-bcea-ad3a7c501e01','8671a30d-0195-463e-bb1e-650499000bd6',0,'2025-11-20 01:10:03','2025-11-13 01:10:03'),('f4eca091-e800-4d83-9976-4b277ef8e931','a7745943-d7d4-4048-bcea-ad3a7c501e0e','fbc1f76d-cd93-4031-999f-8361c85de516',0,'2025-10-30 07:52:00','2025-10-23 07:52:00'),('f5838438-d12a-45c0-9c41-169905f24329','a7745943-d7d4-4048-bcea-ad3a7c501e01','5b8a6e92-3ae8-4948-98f8-a0e5f0f9e558',0,'2025-11-20 01:10:00','2025-11-13 01:10:00'),('f5e7a0bd-aa86-4ad7-9141-1fb7b9e3ded2','a7745943-d7d4-4048-bcea-ad3a7c501e01','cb1c86ef-d045-48d4-aa9a-c89c8bfaf771',0,'2025-11-20 01:30:22','2025-11-13 01:30:22'),('f66357f8-a02d-47ed-b15e-379810021cff','a7745943-d7d4-4048-bcea-ad3a7c501e01','aae9c9f1-ca9e-452c-aeda-e01ed97d1abd',0,'2025-11-20 01:10:01','2025-11-13 01:10:01'),('f7c055b0-8d2d-4538-beba-1082118fa0c9','a7745943-d7d4-4048-bcea-ad3a7c501e01','b88c97cd-703a-4f3f-8a47-a9b4391cf993',0,'2025-11-20 01:10:03','2025-11-13 01:10:03'),('f80a2b35-6ece-41cf-abaf-10ca4c1720bc','a7745943-d7d4-4048-bcea-ad3a7c501e01','bee0c00e-2b37-4bd9-bf39-7f4d59ec2f97',0,'2025-11-20 01:09:58','2025-11-13 01:09:58'),('f939e78d-202f-4f5b-95af-9a30f6f1d660','a7745943-d7d4-4048-bcea-ad3a7c501e01','3e5939d7-4211-493e-a5f6-83d6639f2bcb',0,'2025-11-20 01:10:02','2025-11-13 01:10:02'),('fa08886b-62ce-461b-ad3b-cd367e46e5fe','a7745943-d7d4-4048-bcea-ad3a7c501e01','cd78adc7-44dd-4d27-970a-69565b9a01e3',0,'2025-11-20 01:31:23','2025-11-13 01:31:23'),('fb3aa82d-77ae-4abe-8d48-8d7c29939b6d','a7745943-d7d4-4048-bcea-ad3a7c501e01','6d955f71-8a28-4436-98e9-cc443583b3e5',0,'2025-11-20 01:31:28','2025-11-13 01:31:28'),('fe920460-fccd-4b96-a2a3-843a3f760a73','a7745943-d7d4-4048-bcea-ad3a7c501e01','344fc8f5-5e60-483e-b348-d99f3a9107e3',0,'2025-11-20 01:09:57','2025-11-13 01:09:57'),('ffb3d8e4-9120-4b6e-9cd9-30bf0a371e47','d9936fc7-262d-47ee-8f18-12cbeab24922','23e65f07-4177-42f7-82a5-69e56be12541',0,'2025-10-29 04:07:39','2025-10-22 04:07:39'),('ffc37c45-2eca-4ed6-9940-c0a77f8ad3ae','a7745943-d7d4-4048-bcea-ad3a7c501e01','baedf2f6-c215-4181-b3eb-00c289a68c0c',0,'2025-11-20 01:31:22','2025-11-13 01:31:22'),('ffd1d086-7f0c-420f-8bb8-6c75c4f0f65a','d9936fc7-262d-47ee-8f18-12cbeab24922','4f2ca822-fd40-4d06-a1d7-3531705a63cb',0,'2025-10-28 16:57:14','2025-10-21 16:57:14'),('ffe22a7d-1699-44ac-87e5-db5e54218858','a7745943-d7d4-4048-bcea-ad3a7c501e01','b72448a3-3653-45a0-922e-14c0ddaaa30f',0,'2025-11-20 01:30:16','2025-11-13 01:30:16');
/*!40000 ALTER TABLE `refresh_tokens` ENABLE KEYS */;
UNLOCK TABLES;

--
-- Table structure for table `users`
--

DROP TABLE IF EXISTS `users`;
/*!40101 SET @saved_cs_client     = @@character_set_client */;
/*!50503 SET character_set_client = utf8mb4 */;
CREATE TABLE `users` (
  `id` varchar(255) NOT NULL,
  `email` varchar(255) NOT NULL,
  `username` varchar(255) NOT NULL,
  `hashed_password` varchar(255) NOT NULL,
  `role` varchar(50) DEFAULT 'USER',
  `is_active` tinyint(1) DEFAULT '1',
  `created_at` datetime(6) DEFAULT CURRENT_TIMESTAMP(6),
  `updated_at` datetime(6) DEFAULT CURRENT_TIMESTAMP(6) ON UPDATE CURRENT_TIMESTAMP(6),
  `full_name` varchar(255) DEFAULT NULL,
  `avatar_url` varchar(1024) DEFAULT NULL,
  PRIMARY KEY (`id`),
  UNIQUE KEY `email` (`email`),
  UNIQUE KEY `username` (`username`)
) ENGINE=InnoDB DEFAULT CHARSET=utf8mb4 COLLATE=utf8mb4_0900_ai_ci;
/*!40101 SET character_set_client = @saved_cs_client */;

--
-- Dumping data for table `users`
--

LOCK TABLES `users` WRITE;
/*!40000 ALTER TABLE `users` DISABLE KEYS */;
INSERT INTO `users` VALUES ('a7745943-d7d4-4048-bcea-ad3a7c501e01','thuha25121976@gmail.com','chiendz11','$2a$12$.KW/zCu.A2EFULwO38pyC.MtqaCL2ZFwA5GosZ69fABkhlKWGRKvS','ADMIN',1,'2025-10-19 04:03:06.039808','2025-11-13 00:26:56.374623','chiendz111','\"C:\\Users\\CHIENQT\\OneDrive\\Pictures\\Screenshot 2025-03-04 001702.png\"'),('a7745943-d7d4-4048-bcea-ad3a7c501e0e','buianhchien290405@gmail.com','chienqt','$2a$12$.KW/zCu.A2EFULwO38pyC.MtqaCL2ZFwA5GosZ69fABkhlKWGRKvS','USER',1,'2025-10-19 04:03:06.039808','2025-11-13 01:26:39.513615','BAC','\"C:\\Users\\CHIENQT\\OneDrive\\Pictures\\Screenshot 2025-03-04 001702.png\"'),('d9936fc7-262d-47ee-8f18-12cbeab24922','23021490@vnu.edu.vn','23021490 Bi Anh Chin_e5b753','oauth_94c31b9dfa664ba5951b1d0210576902','user',1,'2025-10-21 16:49:01.153857','2025-10-23 12:12:35.836450','HEHE','\"C:\\Users\\CHIENQT\\OneDrive\\Pictures\\Screenshot 2025-03-04 \"C:\\Users\\CHIENQT\\OneDrive\\Pictures\\Screenshot 2025-03-21 230225.png\"');
/*!40000 ALTER TABLE `users` ENABLE KEYS */;
UNLOCK TABLES;
/*!40103 SET TIME_ZONE=@OLD_TIME_ZONE */;

/*!40101 SET SQL_MODE=@OLD_SQL_MODE */;
/*!40014 SET FOREIGN_KEY_CHECKS=@OLD_FOREIGN_KEY_CHECKS */;
/*!40014 SET UNIQUE_CHECKS=@OLD_UNIQUE_CHECKS */;
/*!40101 SET CHARACTER_SET_CLIENT=@OLD_CHARACTER_SET_CLIENT */;
/*!40101 SET CHARACTER_SET_RESULTS=@OLD_CHARACTER_SET_RESULTS */;
/*!40101 SET COLLATION_CONNECTION=@OLD_COLLATION_CONNECTION */;
/*!40111 SET SQL_NOTES=@OLD_SQL_NOTES */;

-- Dump completed on 2025-11-26 23:13:58
CREATE DATABASE  IF NOT EXISTS `book_db` /*!40100 DEFAULT CHARACTER SET utf8mb4 COLLATE utf8mb4_0900_ai_ci */ /*!80016 DEFAULT ENCRYPTION='N' */;
USE `book_db`;
-- MySQL dump 10.13  Distrib 8.0.43, for Win64 (x86_64)
--
-- Host: localhost    Database: book_db
-- ------------------------------------------------------
-- Server version	8.0.43

/*!40101 SET @OLD_CHARACTER_SET_CLIENT=@@CHARACTER_SET_CLIENT */;
/*!40101 SET @OLD_CHARACTER_SET_RESULTS=@@CHARACTER_SET_RESULTS */;
/*!40101 SET @OLD_COLLATION_CONNECTION=@@COLLATION_CONNECTION */;
/*!50503 SET NAMES utf8 */;
/*!40103 SET @OLD_TIME_ZONE=@@TIME_ZONE */;
/*!40103 SET TIME_ZONE='+00:00' */;
/*!40014 SET @OLD_UNIQUE_CHECKS=@@UNIQUE_CHECKS, UNIQUE_CHECKS=0 */;
/*!40014 SET @OLD_FOREIGN_KEY_CHECKS=@@FOREIGN_KEY_CHECKS, FOREIGN_KEY_CHECKS=0 */;
/*!40101 SET @OLD_SQL_MODE=@@SQL_MODE, SQL_MODE='NO_AUTO_VALUE_ON_ZERO' */;
/*!40111 SET @OLD_SQL_NOTES=@@SQL_NOTES, SQL_NOTES=0 */;

--
-- Table structure for table `books`
--

DROP TABLE IF EXISTS `books`;
/*!40101 SET @saved_cs_client     = @@character_set_client */;
/*!50503 SET character_set_client = utf8mb4 */;
CREATE TABLE `books` (
  `id` int NOT NULL AUTO_INCREMENT,
  `title` varchar(255) NOT NULL,
  `author` varchar(255) NOT NULL,
  `available_copies` int NOT NULL DEFAULT '0',
  `created_at` datetime(6) DEFAULT CURRENT_TIMESTAMP(6),
  `stock_count` int DEFAULT NULL,
  PRIMARY KEY (`id`)
) ENGINE=InnoDB AUTO_INCREMENT=257 DEFAULT CHARSET=utf8mb4 COLLATE=utf8mb4_0900_ai_ci;
/*!40101 SET character_set_client = @saved_cs_client */;

--
-- Dumping data for table `books`
--

LOCK TABLES `books` WRITE;
/*!40000 ALTER TABLE `books` DISABLE KEYS */;
INSERT INTO `books` VALUES (1,'The Great Gatsby','F. Scott Fitzgerald',5,'2025-10-16 03:29:18.064102',5),(2,'1984','George Orwell',8,'2025-10-16 03:29:18.064102',8),(3,'To Kill a Mockingbird','Harper Lee',12,'2025-10-16 03:29:18.064102',12),(4,'Pride and Prejudice','Jane Austen',7,'2025-10-16 03:29:18.064102',7),(5,'The Catcher in the Rye','J.D. Salinger',4,'2025-10-16 03:29:18.064102',4),(6,'Moby Dick','Herman Melville',3,'2025-10-16 03:29:18.064102',3),(7,'War and Peace','Leo Tolstoy',6,'2025-10-16 03:29:18.064102',6),(8,'The Odyssey','Homer',10,'2025-10-16 03:29:18.064102',10),(9,'Crime and Punishment','Fyodor Dostoevsky',9,'2025-10-16 03:29:18.064102',9),(10,'The Hobbit','J.R.R. Tolkien',15,'2025-10-16 03:29:18.064102',15),(11,'A Tale of Two Cities','Charles Dickens',11,'2025-10-16 03:29:18.064102',11),(12,'The Lord of the Rings','J.R.R. Tolkien',14,'2025-10-16 03:29:18.064102',14),(13,'Brave New World','Aldous Huxley',6,'2025-10-16 03:29:18.064102',6),(14,'The Divine Comedy','Dante Alighieri',5,'2025-10-16 03:29:18.064102',5),(15,'One Hundred Years of Solitude','Gabriel Garca Mrquez',8,'2025-10-16 03:29:18.064102',8),(16,'The Adventures of Huckleberry Finn','Mark Twain',7,'2025-10-16 03:29:18.064102',7),(17,'Alice\'s Adventures in Wonderland','Lewis Carroll',14,'2025-10-16 03:29:18.064102',14),(18,'Wuthering Heights','Emily Bront',4,'2025-10-16 03:29:18.064102',4),(19,'Dracula','Bram Stoker',9,'2025-10-16 03:29:18.064102',9),(20,'Frankenstein','Mary Shelley',10,'2025-10-16 03:29:18.064102',10),(21,'Jane Eyre','Charlotte Bront',8,'2025-10-16 03:29:18.064102',8),(22,'The Picture of Dorian Gray','Oscar Wilde',5,'2025-10-16 03:29:18.064102',5),(23,'Don Quixote','Miguel de Cervantes',7,'2025-10-16 03:29:18.064102',7),(24,'Great Expectations','Charles Dickens',6,'2025-10-16 03:29:18.064102',6),(25,'The Stranger','Albert Camus',4,'2025-10-16 03:29:18.064102',4),(26,'Anna Karenina','Leo Tolstoy',9,'2025-10-16 03:29:18.064102',9),(27,'The Brothers Karamazov','Fyodor Dostoevsky',11,'2025-10-16 03:29:18.064102',11),(28,'The Old Man and the Sea','Ernest Hemingway',12,'2025-10-16 03:29:18.064102',12),(29,'Les Misrables','Victor Hugo',10,'2025-10-16 03:29:18.064102',10),(30,'Invisible Man','Ralph Ellison',5,'2025-10-16 03:29:18.064102',5),(31,'The Grapes of Wrath','John Steinbeck',8,'2025-10-16 03:29:18.064102',8),(32,'Book Title 31','Author Name 12',2,'2025-10-16 03:29:18.064102',2),(33,'Book Title 32','Author Name 13',3,'2025-10-16 03:29:18.064102',3),(34,'Book Title 33','Author Name 14',4,'2025-10-16 03:29:18.064102',4),(35,'Book Title 34','Author Name 15',5,'2025-10-16 03:29:18.064102',5),(36,'Book Title 35','Author Name 16',6,'2025-10-16 03:29:18.064102',6),(37,'Book Title 36','Author Name 17',7,'2025-10-16 03:29:18.064102',7),(38,'Book Title 37','Author Name 18',8,'2025-10-16 03:29:18.064102',8),(39,'Book Title 38','Author Name 19',9,'2025-10-16 03:29:18.064102',9),(40,'Book Title 39','Author Name 20',10,'2025-10-16 03:29:18.064102',10),(41,'Book Title 40','Author Name 1',11,'2025-10-16 03:29:18.064102',11),(42,'Book Title 41','Author Name 2',12,'2025-10-16 03:29:18.064102',12),(43,'Book Title 42','Author Name 3',13,'2025-10-16 03:29:18.064102',13),(44,'Book Title 43','Author Name 4',14,'2025-10-16 03:29:18.064102',14),(45,'Book Title 44','Author Name 5',15,'2025-10-16 03:29:18.064102',15),(46,'Book Title 45','Author Name 6',1,'2025-10-16 03:29:18.064102',1),(47,'Book Title 46','Author Name 7',2,'2025-10-16 03:29:18.064102',2),(48,'Book Title 47','Author Name 8',3,'2025-10-16 03:29:18.064102',3),(49,'Book Title 48','Author Name 9',4,'2025-10-16 03:29:18.064102',4),(50,'Book Title 49','Author Name 10',5,'2025-10-16 03:29:18.064102',5),(51,'Book Title 50','Author Name 11',6,'2025-10-16 03:29:18.064102',6),(52,'Book Title 51','Author Name 12',7,'2025-10-16 03:29:18.064102',7),(53,'Book Title 52','Author Name 13',8,'2025-10-16 03:29:18.064102',8),(54,'Book Title 53','Author Name 14',9,'2025-10-16 03:29:18.064102',9),(55,'Book Title 54','Author Name 15',10,'2025-10-16 03:29:18.064102',10),(56,'Book Title 55','Author Name 16',11,'2025-10-16 03:29:18.064102',11),(57,'Book Title 56','Author Name 17',12,'2025-10-16 03:29:18.064102',12),(58,'Book Title 57','Author Name 18',13,'2025-10-16 03:29:18.064102',13),(59,'Book Title 58','Author Name 19',14,'2025-10-16 03:29:18.064102',14),(60,'Book Title 59','Author Name 20',15,'2025-10-16 03:29:18.064102',15),(61,'Book Title 60','Author Name 1',1,'2025-10-16 03:29:18.064102',1),(62,'Book Title 61','Author Name 2',2,'2025-10-16 03:29:18.064102',2),(63,'Book Title 62','Author Name 3',3,'2025-10-16 03:29:18.064102',3),(64,'Book Title 63','Author Name 4',4,'2025-10-16 03:29:18.064102',4),(65,'Book Title 64','Author Name 5',5,'2025-10-16 03:29:18.064102',5),(66,'Book Title 65','Author Name 6',6,'2025-10-16 03:29:18.064102',6),(67,'Book Title 66','Author Name 7',7,'2025-10-16 03:29:18.064102',7),(68,'Book Title 67','Author Name 8',8,'2025-10-16 03:29:18.064102',8),(69,'Book Title 68','Author Name 9',9,'2025-10-16 03:29:18.064102',9),(70,'Book Title 69','Author Name 10',10,'2025-10-16 03:29:18.064102',10),(71,'Book Title 70','Author Name 11',11,'2025-10-16 03:29:18.064102',11),(72,'Book Title 71','Author Name 12',12,'2025-10-16 03:29:18.064102',12),(73,'Book Title 72','Author Name 13',13,'2025-10-16 03:29:18.064102',13),(74,'Book Title 73','Author Name 14',14,'2025-10-16 03:29:18.064102',14),(75,'Book Title 74','Author Name 15',15,'2025-10-16 03:29:18.064102',15),(76,'Book Title 75','Author Name 16',1,'2025-10-16 03:29:18.064102',1),(77,'Book Title 76','Author Name 17',2,'2025-10-16 03:29:18.064102',2),(78,'Book Title 77','Author Name 18',3,'2025-10-16 03:29:18.064102',3),(79,'Book Title 78','Author Name 19',4,'2025-10-16 03:29:18.064102',4),(80,'Book Title 79','Author Name 20',5,'2025-10-16 03:29:18.064102',5),(81,'Book Title 80','Author Name 1',6,'2025-10-16 03:29:18.064102',6),(82,'Book Title 81','Author Name 2',7,'2025-10-16 03:29:18.064102',7),(83,'Book Title 82','Author Name 3',8,'2025-10-16 03:29:18.064102',8),(84,'Book Title 83','Author Name 4',9,'2025-10-16 03:29:18.064102',9),(85,'Book Title 84','Author Name 5',10,'2025-10-16 03:29:18.064102',10),(86,'Book Title 85','Author Name 6',11,'2025-10-16 03:29:18.064102',11),(87,'Book Title 86','Author Name 7',12,'2025-10-16 03:29:18.064102',12),(88,'Book Title 87','Author Name 8',13,'2025-10-16 03:29:18.064102',13),(89,'Book Title 88','Author Name 9',14,'2025-10-16 03:29:18.064102',14),(90,'Book Title 89','Author Name 10',15,'2025-10-16 03:29:18.064102',15),(91,'Book Title 90','Author Name 11',1,'2025-10-16 03:29:18.064102',1),(92,'Book Title 91','Author Name 12',2,'2025-10-16 03:29:18.064102',2),(93,'Book Title 92','Author Name 13',3,'2025-10-16 03:29:18.064102',3),(94,'Book Title 93','Author Name 14',4,'2025-10-16 03:29:18.064102',4),(95,'Book Title 94','Author Name 15',5,'2025-10-16 03:29:18.064102',5),(96,'Book Title 95','Author Name 16',6,'2025-10-16 03:29:18.064102',6),(97,'Book Title 96','Author Name 17',7,'2025-10-16 03:29:18.064102',7),(98,'Book Title 97','Author Name 18',8,'2025-10-16 03:29:18.064102',8),(99,'Book Title 98','Author Name 19',9,'2025-10-16 03:29:18.064102',9),(105,'Book Title 104','Author Name 5',15,'2025-10-16 03:29:18.064102',15),(106,'C++','Chienqt',1,'2025-10-16 03:29:18.064102',1),(108,'Book Title 107','Author Name 8',3,'2025-10-16 03:29:18.064102',3),(109,'Book Title 108','Author Name 9',4,'2025-10-16 03:29:18.064102',4),(110,'Book Title 109','Author Name 10',5,'2025-10-16 03:29:18.064102',5),(111,'Book Title 110','Author Name 11',6,'2025-10-16 03:29:18.064102',6),(112,'Book Title 111','Author Name 12',7,'2025-10-16 03:29:18.064102',7),(113,'Book Title 112','Author Name 13',8,'2025-10-16 03:29:18.064102',8),(114,'Book Title 113','Author Name 14',9,'2025-10-16 03:29:18.064102',9),(115,'Book Title 114','Author Name 15',10,'2025-10-16 03:29:18.064102',10),(116,'Book Title 115','Author Name 16',11,'2025-10-16 03:29:18.064102',11),(117,'Book Title 116','Author Name 17',12,'2025-10-16 03:29:18.064102',12),(118,'Book Title 117','Author Name 18',13,'2025-10-16 03:29:18.064102',13),(119,'Book Title 118','Author Name 19',14,'2025-10-16 03:29:18.064102',14),(120,'Book Title 119','Author Name 20',15,'2025-10-16 03:29:18.064102',15),(121,'Book Title 120','Author Name 1',1,'2025-10-16 03:29:18.064102',1),(122,'Book Title 121','Author Name 2',2,'2025-10-16 03:29:18.064102',2),(123,'Book Title 122','Author Name 3',3,'2025-10-16 03:29:18.064102',3),(124,'Book Title 123','Author Name 4',4,'2025-10-16 03:29:18.064102',4),(125,'Book Title 124','Author Name 5',5,'2025-10-16 03:29:18.064102',5),(126,'Book Title 125','Author Name 6',6,'2025-10-16 03:29:18.064102',6),(127,'Book Title 126','Author Name 7',7,'2025-10-16 03:29:18.064102',7),(128,'Book Title 127','Author Name 8',8,'2025-10-16 03:29:18.064102',8),(129,'Book Title 128','Author Name 9',9,'2025-10-16 03:29:18.064102',9),(130,'Book Title 129','Author Name 10',10,'2025-10-16 03:29:18.064102',10),(131,'Book Title 130','Author Name 11',11,'2025-10-16 03:29:18.064102',11),(132,'Book Title 131','Author Name 12',12,'2025-10-16 03:29:18.064102',12),(133,'Book Title 132','Author Name 13',13,'2025-10-16 03:29:18.064102',13),(134,'Book Title 133','Author Name 14',14,'2025-10-16 03:29:18.064102',14),(135,'Book Title 134','Author Name 15',15,'2025-10-16 03:29:18.064102',15),(136,'Book Title 135','Author Name 16',1,'2025-10-16 03:29:18.064102',1),(137,'Book Title 136','Author Name 17',2,'2025-10-16 03:29:18.064102',2),(138,'Book Title 137','Author Name 18',3,'2025-10-16 03:29:18.064102',3),(139,'Book Title 138','Author Name 19',4,'2025-10-16 03:29:18.064102',4),(140,'Book Title 139','Author Name 20',5,'2025-10-16 03:29:18.064102',5),(141,'Book Title 140','Author Name 1',6,'2025-10-16 03:29:18.064102',6),(142,'Book Title 141','Author Name 2',7,'2025-10-16 03:29:18.064102',7),(143,'Book Title 142','Author Name 3',8,'2025-10-16 03:29:18.064102',8),(144,'Book Title 143','Author Name 4',9,'2025-10-16 03:29:18.064102',9),(145,'Book Title 144','Author Name 5',10,'2025-10-16 03:29:18.064102',10),(146,'Book Title 145','Author Name 6',11,'2025-10-16 03:29:18.064102',11),(147,'Book Title 146','Author Name 7',12,'2025-10-16 03:29:18.064102',12),(148,'Book Title 147','Author Name 8',13,'2025-10-16 03:29:18.064102',13),(149,'Book Title 148','Author Name 9',14,'2025-10-16 03:29:18.064102',14),(150,'Book Title 149','Author Name 10',15,'2025-10-16 03:29:18.064102',15),(151,'Book Title 150','Author Name 11',1,'2025-10-16 03:29:18.064102',1),(152,'Book Title 151','Author Name 12',2,'2025-10-16 03:29:18.064102',2),(153,'Book Title 152','Author Name 13',3,'2025-10-16 03:29:18.064102',3),(154,'Book Title 153','Author Name 14',4,'2025-10-16 03:29:18.064102',4),(155,'Book Title 154','Author Name 15',5,'2025-10-16 03:29:18.064102',5),(156,'Book Title 155','Author Name 16',6,'2025-10-16 03:29:18.064102',6),(157,'Book Title 156','Author Name 17',7,'2025-10-16 03:29:18.064102',7),(158,'Book Title 157','Author Name 18',8,'2025-10-16 03:29:18.064102',8),(159,'Book Title 158','Author Name 19',9,'2025-10-16 03:29:18.064102',9),(160,'Book Title 159','Author Name 20',10,'2025-10-16 03:29:18.064102',10),(161,'Book Title 160','Author Name 1',11,'2025-10-16 03:29:18.064102',11),(162,'Book Title 161','Author Name 2',12,'2025-10-16 03:29:18.064102',12),(163,'Book Title 162','Author Name 3',13,'2025-10-16 03:29:18.064102',13),(164,'Book Title 163','Author Name 4',14,'2025-10-16 03:29:18.064102',14),(165,'Book Title 164','Author Name 5',15,'2025-10-16 03:29:18.064102',15),(166,'Book Title 165','Author Name 6',1,'2025-10-16 03:29:18.064102',1),(167,'Book Title 166','Author Name 7',2,'2025-10-16 03:29:18.064102',2),(168,'Book Title 167','Author Name 8',3,'2025-10-16 03:29:18.064102',3),(169,'Book Title 168','Author Name 9',4,'2025-10-16 03:29:18.064102',4),(170,'Book Title 169','Author Name 10',5,'2025-10-16 03:29:18.064102',5),(171,'Book Title 170','Author Name 11',6,'2025-10-16 03:29:18.064102',6),(172,'Book Title 171','Author Name 12',7,'2025-10-16 03:29:18.064102',7),(173,'Book Title 172','Author Name 13',8,'2025-10-16 03:29:18.064102',8),(174,'Book Title 173','Author Name 14',9,'2025-10-16 03:29:18.064102',9),(175,'Book Title 174','Author Name 15',10,'2025-10-16 03:29:18.064102',10),(176,'Book Title 175','Author Name 16',11,'2025-10-16 03:29:18.064102',11),(177,'Book Title 176','Author Name 17',12,'2025-10-16 03:29:18.064102',12),(178,'Book Title 177','Author Name 18',13,'2025-10-16 03:29:18.064102',13),(179,'Book Title 178','Author Name 19',14,'2025-10-16 03:29:18.064102',14),(180,'Book Title 179','Author Name 20',15,'2025-10-16 03:29:18.064102',15),(181,'Book Title 180','Author Name 1',1,'2025-10-16 03:29:18.064102',1),(182,'Book Title 181','Author Name 2',2,'2025-10-16 03:29:18.064102',2),(183,'Book Title 182','Author Name 3',3,'2025-10-16 03:29:18.064102',3),(184,'Book Title 183','Author Name 4',4,'2025-10-16 03:29:18.064102',4),(185,'Book Title 184','Author Name 5',5,'2025-10-16 03:29:18.064102',5),(186,'Book Title 185','Author Name 6',6,'2025-10-16 03:29:18.064102',6),(187,'Book Title 186','Author Name 7',7,'2025-10-16 03:29:18.064102',7),(188,'Book Title 187','Author Name 8',8,'2025-10-16 03:29:18.064102',8),(189,'Book Title 188','Author Name 9',9,'2025-10-16 03:29:18.064102',9),(190,'Book Title 189','Author Name 10',10,'2025-10-16 03:29:18.064102',10),(191,'Book Title 190','Author Name 11',11,'2025-10-16 03:29:18.064102',11),(192,'Book Title 191','Author Name 12',12,'2025-10-16 03:29:18.064102',12),(193,'Book Title 192','Author Name 13',13,'2025-10-16 03:29:18.064102',13),(194,'Book Title 193','Author Name 14',14,'2025-10-16 03:29:18.064102',14),(195,'Book Title 194','Author Name 15',15,'2025-10-16 03:29:18.064102',15),(196,'Book Title 195','Author Name 16',1,'2025-10-16 03:29:18.064102',1),(197,'Book Title 196','Author Name 17',2,'2025-10-16 03:29:18.064102',2),(198,'Book Title 197','Author Name 18',3,'2025-10-16 03:29:18.064102',3),(199,'Book Title 198','Author Name 19',4,'2025-10-16 03:29:18.064102',4),(200,'Book Title 199','Author Name 20',5,'2025-10-16 03:29:18.064102',5),(201,'Book Title 200','Author Name 1',6,'2025-10-16 03:29:18.064102',6),(202,'Book Title 201','Author Name 2',7,'2025-10-16 03:29:18.064102',7),(203,'Book Title 202','Author Name 3',8,'2025-10-16 03:29:18.064102',8),(204,'Book Title 203','Author Name 4',9,'2025-10-16 03:29:18.064102',9),(205,'Book Title 204','Author Name 5',10,'2025-10-16 03:29:18.064102',10),(206,'Book Title 205','Author Name 6',11,'2025-10-16 03:29:18.064102',11),(207,'Book Title 206','Author Name 7',12,'2025-10-16 03:29:18.064102',12),(208,'Book Title 207','Author Name 8',13,'2025-10-16 03:29:18.064102',13),(209,'Book Title 208','Author Name 9',14,'2025-10-16 03:29:18.064102',14),(210,'Book Title 209','Author Name 10',15,'2025-10-16 03:29:18.064102',15),(211,'Book Title 210','Author Name 11',1,'2025-10-16 03:29:18.064102',1),(212,'Book Title 211','Author Name 12',2,'2025-10-16 03:29:18.064102',2),(213,'Book Title 212','Author Name 13',3,'2025-10-16 03:29:18.064102',3),(214,'Book Title 213','Author Name 14',4,'2025-10-16 03:29:18.064102',4),(215,'Book Title 214','Author Name 15',5,'2025-10-16 03:29:18.064102',5),(216,'Book Title 215','Author Name 16',6,'2025-10-16 03:29:18.064102',6),(217,'Book Title 216','Author Name 17',7,'2025-10-16 03:29:18.064102',7),(218,'Book Title 217','Author Name 18',8,'2025-10-16 03:29:18.064102',8),(219,'Book Title 218','Author Name 19',9,'2025-10-16 03:29:18.064102',9),(220,'Book Title 219','Author Name 20',10,'2025-10-16 03:29:18.064102',10),(221,'Book Title 220','Author Name 1',11,'2025-10-16 03:29:18.064102',11),(222,'Book Title 221','Author Name 2',12,'2025-10-16 03:29:18.064102',12),(223,'Book Title 222','Author Name 3',13,'2025-10-16 03:29:18.064102',13),(224,'Book Title 223','Author Name 4',14,'2025-10-16 03:29:18.064102',14),(225,'Book Title 224','Author Name 5',15,'2025-10-16 03:29:18.064102',15),(226,'Book Title 225','Author Name 6',1,'2025-10-16 03:29:18.064102',1),(227,'Book Title 226','Author Name 7',2,'2025-10-16 03:29:18.064102',2),(228,'Book Title 227','Author Name 8',3,'2025-10-16 03:29:18.064102',3),(229,'Book Title 228','Author Name 9',4,'2025-10-16 03:29:18.064102',4),(230,'Book Title 229','Author Name 10',5,'2025-10-16 03:29:18.064102',5),(231,'Book Title 230','Author Name 11',6,'2025-10-16 03:29:18.064102',6),(232,'Book Title 231','Author Name 12',7,'2025-10-16 03:29:18.064102',7),(233,'Book Title 232','Author Name 13',8,'2025-10-16 03:29:18.064102',8),(234,'Book Title 233','Author Name 14',9,'2025-10-16 03:29:18.064102',9),(235,'Book Title 234','Author Name 15',10,'2025-10-16 03:29:18.064102',10),(236,'Book Title 235','Author Name 16',11,'2025-10-16 03:29:18.064102',11),(237,'Book Title 236','Author Name 17',12,'2025-10-16 03:29:18.064102',12),(238,'Book Title 237','Author Name 18',13,'2025-10-16 03:29:18.064102',13),(239,'Book Title 238','Author Name 19',14,'2025-10-16 03:29:18.064102',14),(240,'Book Title 239','Author Name 20',15,'2025-10-16 03:29:18.064102',15),(241,'Book Title 240','Author Name 1',1,'2025-10-16 03:29:18.064102',1),(242,'Book Title 241','Author Name 2',2,'2025-10-16 03:29:18.064102',2),(243,'Book Title 242','Author Name 3',3,'2025-10-16 03:29:18.064102',3),(244,'Book Title 243','Author Name 4',4,'2025-10-16 03:29:18.064102',4),(245,'Book Title 244','Author Name 5',5,'2025-10-16 03:29:18.064102',5),(246,'Book Title 245','Author Name 6',6,'2025-10-16 03:29:18.064102',6),(247,'Book Title 246','Author Name 7',7,'2025-10-16 03:29:18.064102',7),(248,'Book Title 247','Author Name 8',8,'2025-10-16 03:29:18.064102',8),(249,'Book Title 248','Author Name 9',9,'2025-10-16 03:29:18.064102',9),(250,'Book Title 249','Author Name 10',10,'2025-10-16 03:29:18.064102',10),(251,'Book Title 250','Author Name 11',11,'2025-10-16 03:29:18.064102',11);
/*!40000 ALTER TABLE `books` ENABLE KEYS */;
UNLOCK TABLES;
/*!40103 SET TIME_ZONE=@OLD_TIME_ZONE */;

/*!40101 SET SQL_MODE=@OLD_SQL_MODE */;
/*!40014 SET FOREIGN_KEY_CHECKS=@OLD_FOREIGN_KEY_CHECKS */;
/*!40014 SET UNIQUE_CHECKS=@OLD_UNIQUE_CHECKS */;
/*!40101 SET CHARACTER_SET_CLIENT=@OLD_CHARACTER_SET_CLIENT */;
/*!40101 SET CHARACTER_SET_RESULTS=@OLD_CHARACTER_SET_RESULTS */;
/*!40101 SET COLLATION_CONNECTION=@OLD_COLLATION_CONNECTION */;
/*!40111 SET SQL_NOTES=@OLD_SQL_NOTES */;

-- Dump completed on 2025-11-26 23:13:58
